"Looping Opportunities  ·  yieldz.io/leverage, 9 Oct 2026  ·  111 positive-carry loops",,,,,,,,,,,,,,
Asset,Protocol,Chain,Deposit,Borrow,Max Leverage,Max ROE,Deposit APY,Borrow APY,Risk,Liquidity ($),To-Target Util ($),Utilization (%),LLTV (%),Risk Note
ETH,Open token on explorer,Open token on explorer,wstETH,WETH,28.85,11.759,2.29,-1.95,Med-High,13440000,5090000,83.91,96.5,score 5.5; wstETH 8.0; WETH 9.0*; -1.5 leverage 28.85x; -1 lltv 96%; yieldz label: Low
ETH,Open token on explorer,Open token on explorer,weETH,WETH,22,14.49,2.31,-1.73,Med-High,8620000,0,92.06,95.5,score 4.0; weETH 7.0; WETH 9.0*; -1.5 leverage 22x; -0.5 lltv 96%; -1 util 92%; yieldz label: Med.
ETH,Open token on explorer,Open token on explorer,wstETH,WETH,20,3.22,2.27,-2.22,Med-High,8620000,0,92.06,95.5,score 5.0; wstETH 8.0; WETH 9.0*; -1.5 leverage 20x; -0.5 lltv 96%; -1 util 92%; yieldz label: Med.
ETH,Open token on explorer,Open token on explorer,wstETH,WETH,18.31,11.6374,2.29,-1.75,Med-Low,2940000,42120,89.85,94.5,score 6.0; wstETH 8.0; WETH 9.0*; -1.5 leverage 18.31x; -0.5 lltv 94%; yieldz label: Med.
ETH,Open token on explorer,Open token on explorer,weETH,WETH,18.25,7.87,2.35,-2.03,Med-High,2780000,1340000,80.67,94.5,score 5.0; weETH 7.0; WETH 9.0*; -1.5 leverage 18.25x; -0.5 lltv 94%; yieldz label: Low
ETH,Open token on explorer,Open token on explorer,wstETH,WETH,18.21,20.3605,2.29,-1.24,Med-High,474810,204630,82.43,94.5,score 5.0; wstETH 8.0; WETH 9.0*; -1.5 leverage 18.21x; -0.5 lltv 94%; -1 exit liquidity <1M; yieldz label: Low
ETH,Open token on explorer,Open token on explorer,ezETH,WETH,18.17,29.7471,1.76,-0.13,Med-High,130260,6064.4,89.51,94.5,score 4.4; ezETH 7.4; WETH 9.0*; -1.5 leverage 18.17x; -0.5 lltv 94%; -1 exit liquidity <1M; yieldz label: Med.
ETH,Open token on explorer,Open token on explorer,wstETH,WETH,18.16,8.8108,2.29,-1.91,Med-Low,3430000,1070000,85.45,94.5,score 6.0; wstETH 8.0; WETH 9.0*; -1.5 leverage 18.16x; -0.5 lltv 94%; yieldz label: Low
ETH,Open token on explorer,Open token on explorer,wstETH,WETH,18.11,12.7271,2.29,-1.68,Med-High,726970,4335.94,89.94,94.5,score 5.0; wstETH 8.0; WETH 9.0*; -1.5 leverage 18.11x; -0.5 lltv 94%; -1 exit liquidity <1M; yieldz label: Med.
ETH,Open token on explorer,Open token on explorer,weETH,WETH,18.05,15.308,2.35,-1.59,Med-High,244510,97610,83.36,94.5,score 4.0; weETH 7.0; WETH 9.0*; -1.5 leverage 18.05x; -0.5 lltv 94%; -1 exit liquidity <1M; yieldz label: Med.
ETH,Open token on explorer,Open token on explorer,wstETH,WETH,16.5,5.99,2.27,-2.03,Med-Low,26220000,80900000,84.11,94,score 6.5; wstETH 8.0; WETH 9.0*; -1.5 leverage 16.5x; yieldz label: Low
ETH,Open token on explorer,Open token on explorer,wstETH,WETH,14.33,7.602,2.27,-1.87,Med-Low,41400000,23770000,81.22,93,score 6.5; wstETH 8.0; WETH 9.0*; -1.5 leverage 14.33x; yieldz label: Low
ETH,Open token on explorer,Open token on explorer,weETH,WETH,14.27,8.1488,2.31,-1.87,Med-High,41400000,23770000,81.22,93,score 5.5; weETH 7.0; WETH 9.0*; -1.5 leverage 14.27x; yieldz label: Low
ETH,Open token on explorer,Open token on explorer,wstETH,WETH,14.26,5.8502,2.27,-2,Med-Low,896990000,599820000,82.82,93,score 6.5; wstETH 8.0; WETH 9.0*; -1.5 leverage 14.26x; yieldz label: Low
ETH,Open token on explorer,Open token on explorer,weETH,WETH,14.19,6.3989,2.31,-2,Med-High,896990000,599820000,82.82,93,score 5.5; weETH 7.0; WETH 9.0*; -1.5 leverage 14.19x; yieldz label: Low
ETH,Open token on explorer,Open token on explorer,weETH,WETH,14.11,5.9808,2.31,-2.03,Med-High,26220000,80900000,84.11,93,score 5.5; weETH 7.0; WETH 9.0*; -1.5 leverage 14.11x; yieldz label: Low
ETH,Open token on explorer,Open token on explorer,wsuperOETHb,WETH,11.79,12.4731,2.87,-1.98,High,52880,23400,82.06,91.5,score 0.5; wsuperOETHb unrated 3.0; WETH 9.0*; -1.5 leverage 11.79x; -1 exit liquidity <1M; yieldz label: High
ETH,Open token on explorer,Open token on explorer,savETH,WETH,11.76,12.4676,4.29,-3.53,High,439160,90040,87.42,91.5,score 1.5; savETH 4.0; WETH 9.0*; -1.5 leverage 11.76x; -1 exit liquidity <1M; yieldz label: Med.
ETH,Open token on explorer,Open token on explorer,weETH,WETH,4.67,2.6403,2.31,-2.22,Med-High,7710000,0,92.06,80,score 5.5; weETH 7.0; WETH 9.0*; -0.5 leverage 4.67x; -1 util 92%; yieldz label: Med.
ETH,Open token on explorer,Open token on explorer,wstETH,WETH,4.6,2.45,2.27,-2.22,Med-Low,7710000,0,92.06,80,score 6.5; wstETH 8.0; WETH 9.0*; -0.5 leverage 4.6x; -1 util 92%; yieldz label: Med.
USD,Open token on explorer,Open token on explorer,sUSDS,USDT,28.47,30.8553,3.66,-2.67,High,14710000,8590000,75.98,96.5,score 3.1; sUSDS 5.6; USDT 7.1; -1.5 leverage 28.47x; -1 lltv 96%; yieldz label: Low
USD,Open token on explorer,Open token on explorer,sUSDS,USDT,28.42,17.9184,3.66,-3.14,High,2810000,1430000,79.66,96.5,score 3.1; sUSDS 5.6; USDT 7.1; -1.5 leverage 28.42x; -1 lltv 96%; yieldz label: Low
USD,Open token on explorer,Open token on explorer,PT-trUSD-26NOV2026,USDC,18,14.55,9.79,-9.51,High,192180,8988.68,90.45,94.5,score 1.8; PT-trUSD-26NOV2026→trUSD 4.8; USDC 8.5; -1.5 leverage 18x; -0.5 lltv 94%; -1 exit liquidity <1M; yieldz label: Med.
USD,Open token on explorer,Open token on explorer,PT-AUSD-17DEC2026,USDC,14.67,8.6108,5.33,-5.09,Med-High,15550000,1160000,91.35,93,score 5.3; PT-AUSD-17DEC2026→AUSD 6.8; USDC 8.5; -1.5 leverage 14.67x; yieldz label: Low
USD,Open token on explorer,Open token on explorer,PT-AUSD-17DEC2026,mUSD,14.34,21.6048,5.33,-4.11,Med-High,12080000,5290000,64.42,93,score 4.1; PT-AUSD-17DEC2026→AUSD 6.8; mUSD 5.6; -1.5 leverage 14.34x; yieldz label: Low
USD,Open token on explorer,Open token on explorer,USDe,USDT,14.32,17.1116,5.39,-4.51,Med-High,298750,52340,90.28,93,score 4.2; USDe 6.7; USDT 7.1; -1.5 leverage 14.32x; -1 exit liquidity <1M; yieldz label: Med.
USD,Open token on explorer,Open token on explorer,USDe,USDC,14.31,20.2972,5.39,-4.27,Med-High,434690,192480,85.56,93,score 4.2; USDe 6.7; USDC 8.5; -1.5 leverage 14.31x; -1 exit liquidity <1M; yieldz label: Low
USD,Open token on explorer,Open token on explorer,PT-AUSD-17DEC2026,USDT0,14.29,15.5633,5.33,-4.56,Med-High,10450000,5750000,82.21,93,score 5.3; PT-AUSD-17DEC2026→AUSD 6.8; USDT0 7.1; -1.5 leverage 14.29x; yieldz label: Low
USD,Open token on explorer,Open token on explorer,PT-AUSD-17DEC2026,GHO,14.26,20.9768,5.33,-4.15,Med-High,4660000,3170000,74.96,93,score 4.5; PT-AUSD-17DEC2026→AUSD 6.8; GHO 6.0; -1.5 leverage 14.26x; yieldz label: Low
USD,Open token on explorer,Open token on explorer,syrupUSDG,USDG,12.74,9.4012,4.94,-4.56,High,3760000,0,90.31,92,score 2.9; syrupUSDG 4.4; USDG 7.7; -1.5 leverage 12.74x; yieldz label: Med.
USD,Open token on explorer,Open token on explorer,syrupUSDG,USDC,12.66,12.7522,4.94,-4.27,High,181500,181500,85.48,92,score 1.9; syrupUSDG 4.4; USDC 8.5; -1.5 leverage 12.66x; -1 exit liquidity <1M; yieldz label: Med.
USD,Open token on explorer,Open token on explorer,sUSDe,USDT,12.63,10.3198,4.97,-4.51,High,298750,52340,90.28,92,score 3.7; sUSDe 6.2; USDT 7.1; -1.5 leverage 12.63x; -1 exit liquidity <1M; yieldz label: Med.
USD,Open token on explorer,Open token on explorer,sUSDe,USDC,12.59,13.083,4.97,-4.27,High,434690,192480,85.56,92,score 3.7; sUSDe 6.2; USDC 8.5; -1.5 leverage 12.59x; -1 exit liquidity <1M; yieldz label: Low
USD,Open token on explorer,Open token on explorer,sUSDe,PYUSD,11.82,13.4196,4.98,-4.2,Med-High,11740000,843890,89.23,91.5,score 4.7; sUSDe 6.2; PYUSD 7.8; -1.5 leverage 11.82x; yieldz label: Low
USD,Open token on explorer,Open token on explorer,PT-sUSDS-26NOV2026,USDT,11.82,13.3732,5.15,-4.39,High,925450,402890,82.29,91.5,score 2.6; PT-sUSDS-26NOV2026→sUSDS 5.1; USDT 7.1; -1.5 leverage 11.82x; -1 exit liquidity <1M; yieldz label: Med.
USD,Open token on explorer,Open token on explorer,spUSDG,USDG,11.81,8.5807,3.5,-3.03,High,911450,5963.14,90.06,91.5,score 0.5; spUSDG unrated 3.0; USDG 7.7; -1.5 leverage 11.81x; -1 exit liquidity <1M; yieldz label: Med.
USD,Open token on explorer,Open token on explorer,syrupUSDC,RLUSD,11.79,13.9899,5.25,-4.44,Med-High,551990,77560,88.37,91.5,score 4.2; syrupUSDC 6.7; RLUSD 7.8; -1.5 leverage 11.79x; -1 exit liquidity <1M; yieldz label: Med.
USD,Open token on explorer,Open token on explorer,PT-USDat-14JAN2027,USDC,11.78,28.2718,8.76,-6.95,High,2420000,25420,90.1,91.5,score 3.3; PT-USDat-14JAN2027→USDat 4.8; USDC 8.5; -1.5 leverage 11.78x; yieldz label: Med.
USD,Open token on explorer,Open token on explorer,PT-sUSDS-26NOV2026,USDS,11.78,22.5058,5.15,-3.54,High,569420,203620,84.43,91.5,score 2.6; PT-sUSDS-26NOV2026→sUSDS 5.1; USDS 7.2; -1.5 leverage 11.78x; -1 exit liquidity <1M; yieldz label: Med.
USD,Open token on explorer,Open token on explorer,PT-reUSD-10DEC2026,USDT,11.77,56.3101,11.83,-7.7,High,855370,8162.28,89.9,91.5,score 1.6; PT-reUSD-10DEC2026→reUSD 4.1; USDT 7.1; -1.5 leverage 11.77x; -1 exit liquidity <1M; yieldz label: Med.
USD,Open token on explorer,Open token on explorer,siUSD,msUSD,11.77,53.4926,6.32,-1.94,High,183270,1.48,90,91.5,score 0.5; siUSD unrated 3.0; msUSD 2.4; -1.5 leverage 11.77x; -1 exit liquidity <1M; yieldz label: Med.
USD,Open token on explorer,Open token on explorer,PT-fxSAVE-29OCT2026,USDC,11.76,66.7636,9.09,-3.73,High,140250,26280,87.69,91.5,score 1.0; PT-fxSAVE-29OCT2026→fxSAVE 3.5; USDC 8.5; -1.5 leverage 11.76x; -1 exit liquidity <1M; yieldz label: Med.
USD,Open token on explorer,Open token on explorer,PT-USDai-15OCT2026,USDC,11.76,56.3192,11.45,-7.28,High,250770,20960,90.77,91.5,score 3.7; PT-USDai-15OCT2026→USDai 6.2; USDC 8.5; -1.5 leverage 11.76x; -1 exit liquidity <1M; yieldz label: Med.
USD,Open token on explorer,Open token on explorer,PT-reUSD-10DEC2026,USDC,11.76,49.3824,11.83,-8.34,High,13210000,1510000,88.71,91.5,score 2.6; PT-reUSD-10DEC2026→reUSD 4.1; USDC 8.5; -1.5 leverage 11.76x; yieldz label: Low
USD,Open token on explorer,Open token on explorer,reUSD,USDT,11.76,30.2288,7.31,-5.18,High,410410,277940,69.02,91.5,score 2.1; reUSD 4.6; USDT 7.1; -1.5 leverage 11.76x; -1 exit liquidity <1M; yieldz label: Low
USD,Open token on explorer,Open token on explorer,sUSDe,USDT,11.76,23.4872,4.98,-3.26,High,61460,32040,79.11,91.5,score 3.7; sUSDe 6.2; USDT 7.1; -1.5 leverage 11.76x; -1 exit liquidity <1M; yieldz label: Med.
USD,Open token on explorer,Open token on explorer,USDe,RLUSD,11.76,18.2,4.75,-3.5,Med-High,4920000,77230,90.15,91.5,score 5.2; USDe 6.7; RLUSD 7.8; -1.5 leverage 11.76x; yieldz label: Med.
USD,Open token on explorer,Open token on explorer,PT-sUSDE-26NOV2026,USDC,11.75,18.78,5.02,-3.74,High,764200,11220,90.14,91.5,score 3.2; PT-sUSDE-26NOV2026→sUSDE 5.7; USDC 8.5; -1.5 leverage 11.75x; -1 exit liquidity <1M; yieldz label: Med.
USD,Open token on explorer,Open token on explorer,PT-USDat-14JAN2027,USDT,11.74,40.66,8.44,-5.44,High,1720000,430630,86.67,91.5,score 3.3; PT-USDat-14JAN2027→USDat 4.8; USDT 7.1; -1.5 leverage 11.74x; yieldz label: Low
USD,Open token on explorer,Open token on explorer,syrupUSDG,USDG,11.74,29.7394,4.93,-2.62,High,2040000,449260,87.18,91.5,score 2.9; syrupUSDG 4.4; USDG 7.7; -1.5 leverage 11.74x; yieldz label: Low
USD,Open token on explorer,Open token on explorer,PT-sUSDD-26NOV2026,USDC,11.73,23.1545,5.45,-3.8,High,77390,35.58,90,91.5,score 1.1; PT-sUSDD-26NOV2026→sUSDD 3.6; USDC 8.5; -1.5 leverage 11.73x; -1 exit liquidity <1M; yieldz label: Med.
USD,Open token on explorer,Open token on explorer,PT-sUSDS-26NOV2026,USDC,11.73,14.0559,5.15,-4.32,High,1570000,149750,88.95,91.5,score 3.6; PT-sUSDS-26NOV2026→sUSDS 5.1; USDC 8.5; -1.5 leverage 11.73x; yieldz label: Med.
USD,Open token on explorer,Open token on explorer,syrupUSDC,PYUSD,11.73,13.7267,5.25,-4.46,Med-High,8990000,2500000,86.15,91.5,score 5.2; syrupUSDC 6.7; PYUSD 7.8; -1.5 leverage 11.73x; yieldz label: Low
USD,Open token on explorer,Open token on explorer,USDe,USDC,11.7,8.709,4.75,-4.38,Med-High,38150000,764480,90.2,91.5,score 5.2; USDe 6.7; USDC 8.5; -1.5 leverage 11.7x; yieldz label: Med.
USD,Open token on explorer,Open token on explorer,sUSDai,USDT,11.69,15.6841,6.17,-5.28,High,721120,36870,90.49,91.5,score 2.4; sUSDai 4.9; USDT 7.1; -1.5 leverage 11.69x; -1 exit liquidity <1M; yieldz label: Med.
USD,Open token on explorer,Open token on explorer,reUSD,USDC,11.66,17.5436,7.31,-6.35,High,999590,17150,90.17,91.5,score 2.1; reUSD 4.6; USDC 8.5; -1.5 leverage 11.66x; -1 exit liquidity <1M; yieldz label: Med.
USD,Open token on explorer,Open token on explorer,savUSD,USDC,11.62,12.9324,7.41,-6.89,High,903610,171200,87.66,91.5,score 2.2; savUSD 4.7; USDC 8.5; -1.5 leverage 11.62x; -1 exit liquidity <1M; yieldz label: Low
USD,Open token on explorer,Open token on explorer,PT-USDat-14JAN2027,USDC,11.55,11.4995,8.44,-8.15,High,135750,24120,91.51,91.5,score 2.3; PT-USDat-14JAN2027→USDat 4.8; USDC 8.5; -1.5 leverage 11.55x; -1 exit liquidity <1M; yieldz label: Med.
USD,Open token on explorer,Open token on explorer,savUSD,USDC,11.38,8.7594,7.41,-7.28,High,319700,30370,90.87,91.5,score 2.2; savUSD 4.7; USDC 8.5; -1.5 leverage 11.38x; -1 exit liquidity <1M; yieldz label: Med.
USD,Open token on explorer,Open token on explorer,fxSAVE,USDC,11.07,6.9298,5.52,-5.38,High,2460000,214100,90.8,91.5,score 2.5; fxSAVE 4.0; USDC 8.5; -1.5 leverage 11.07x; yieldz label: Med.
USD,Open token on explorer,Open token on explorer,yvUSD,USDC,11.03,18.1051,6.37,-5.2,Med-High,603700,,100,90.91,score 4.6; yvUSD 8.1; USDC 8.5; -1.5 leverage 11.03x; -1 util 100%; -1 exit liquidity <1M; yieldz label: Low
USD,Open token on explorer,Open token on explorer,ysyBOLD,USDC,11.01,32.2967,5.57,-2.9,High,210880,,100,90.91,score 0.5; ysyBOLD unrated 3.0; USDC 8.5; -1.5 leverage 11.01x; -1 util 100%; -1 exit liquidity <1M; yieldz label: Low
USD,Open token on explorer,Open token on explorer,yvcrvUSD-2,USDC,11,15.21,6.11,-5.2,High,100430,,100,90.91,score 0.5; yvcrvUSD-2 unrated 3.0; USDC 8.5; -1.5 leverage 11x; -1 util 100%; -1 exit liquidity <1M; yieldz label: Low
USD,Open token on explorer,Open token on explorer,sUSDe,USDC,10.19,6.4404,4.97,-4.81,High,140070000,4320000,94.18,90,score 3.7; sUSDe 6.2; USDC 8.5; -1.5 leverage 10.19x; -1 util 94%; yieldz label: Med.
USD,Open token on explorer,Ethereum,sUSDe-USDe,USDC,10.19,6.4404,4.97,-4.81,High,140070000,4320000,94.18,90,score 0.5; sUSDe-USDe unrated 3.0; USDC 8.5; -1.5 leverage 10.19x; -1 util 94%; yieldz label: Med.
USD,Open token on explorer,Open token on explorer,sUSDe,GHO,10.15,8.081,4.97,-4.63,Med-High,2990000,1250000,86.2,90.1,score 4.5; sUSDe 6.2; GHO 6.0; -1.5 leverage 10.15x; yieldz label: Med.
USD,Open token on explorer,Open token on explorer,sUSDe,USDT0,10.13,13.2783,4.97,-4.06,High,45850000,57270,93.99,90.1,score 3.7; sUSDe 6.2; USDT0 7.1; -1.5 leverage 10.13x; -1 util 94%; yieldz label: Med.
USD,Open token on explorer,Open token on explorer,sUSDe,GHO,10.11,11.7114,4.97,-4.23,High,542080,390710,64.19,90,score 3.5; sUSDe 6.2; GHO 6.0; -1.5 leverage 10.11x; -1 exit liquidity <1M; yieldz label: Med.
USD,Open token on explorer,Open token on explorer,sUSDe,AUSD,10.07,14.5842,4.97,-3.91,Med-High,5810000,2810000,61.35,90,score 4.7; sUSDe 6.2; AUSD 7.3; -1.5 leverage 10.07x; yieldz label: Low
USD,Open token on explorer,Open token on explorer,sUSDe,USDT0,10.05,8.6805,4.97,-4.56,Med-High,10450000,5750000,82.21,90,score 4.7; sUSDe 6.2; USDT0 7.1; -1.5 leverage 10.05x; yieldz label: Low
USD,Open token on explorer,Open token on explorer,syrupUSDC,USDC,10.04,18.5436,6.43,-5.09,Med-High,15550000,1160000,91.35,90,score 5.2; syrupUSDC 6.7; USDC 8.5; -1.5 leverage 10.04x; yieldz label: Low
USD,Open token on explorer,Open token on explorer,sUSDe,USDC,10.03,14.6321,4.97,-3.9,High,353690,99190,86.1,90,score 3.7; sUSDe 6.2; USDC 8.5; -1.5 leverage 10.03x; -1 exit liquidity <1M; yieldz label: Med.
USD,Open token on explorer,Open token on explorer,sUSDe,USDT0,10.03,13.0067,4.97,-4.08,Med-High,16740000,578.6,90,90,score 4.7; sUSDe 6.2; USDT0 7.1; -1.5 leverage 10.03x; yieldz label: Med.
USD,Open token on explorer,Plasma,sUSDe-USDe,GHO,10.03,8.0402,4.97,-4.63,High,2990000,1250000,86.2,90,score 1.5; sUSDe-USDe unrated 3.0; GHO 6.0; -1.5 leverage 10.03x; yieldz label: Med.
USD,Open token on explorer,Open token on explorer,syrupUSDC,AUSD,10.02,29.1604,6.43,-3.91,Med-High,5810000,2810000,61.35,90,score 5.2; syrupUSDC 6.7; AUSD 7.3; -1.5 leverage 10.02x; yieldz label: Low
USD,Open token on explorer,Plasma,sUSDe-USDe,USDT0,10.02,13.1782,4.97,-4.06,High,45850000,57270,93.99,90,score 0.5; sUSDe-USDe unrated 3.0; USDT0 7.1; -1.5 leverage 10.02x; -1 util 94%; yieldz label: Med.
USD,Open token on explorer,Open token on explorer,syrupUSDC,mUSD,10.01,27.3332,6.43,-4.11,Med-High,12080000,5290000,64.42,90,score 4.1; syrupUSDC 6.7; mUSD 5.6; -1.5 leverage 10.01x; yieldz label: Low
USD,Open token on explorer,Open token on explorer,sUSDe,GHO,10,12.35,4.97,-4.15,Med-High,4660000,3170000,74.96,90,score 4.5; sUSDe 6.2; GHO 6.0; -1.5 leverage 10x; yieldz label: Low
USD,Open token on explorer,Open token on explorer,sUSDe,USDT,10,9.38,4.97,-4.48,High,169490000,7420000,93.73,90,score 3.7; sUSDe 6.2; USDT 7.1; -1.5 leverage 10x; -1 util 94%; yieldz label: Low
USD,Open token on explorer,Ethereum,sUSDe-USDe,USDT,10,9.38,4.97,-4.48,High,169490000,7420000,93.73,90,score 0.5; sUSDe-USDe unrated 3.0; USDT 7.1; -1.5 leverage 10x; -1 util 94%; yieldz label: Low
USD,Open token on explorer,Open token on explorer,syrupUSDC,USDT0,9.99,23.2413,6.43,-4.56,Med-High,10450000,5750000,82.21,90,score 5.7; syrupUSDC 6.7; USDT0 7.1; -1 leverage 9.99x; yieldz label: Low
USD,Open token on explorer,Open token on explorer,syrupUSDT,GHO,9.99,18.0162,5.61,-4.23,High,542080,390710,64.19,90,score 4.0; syrupUSDT 6.1; GHO 6.0; -1 leverage 9.99x; -1 exit liquidity <1M; yieldz label: Med.
USD,Open token on explorer,Open token on explorer,PT-srUSDe-22OCT2026,USDC,9.99,12.9019,5.62,-4.81,Med-High,140070000,4320000,94.18,90,score 4.2; PT-srUSDe-22OCT2026→srUSDe 6.2; USDC 8.5; -1 leverage 9.99x; -1 util 94%; yieldz label: Med.
USD,Open token on explorer,Open token on explorer,syrupUSDC,GHO,9.99,11.4231,5.22,-4.53,High,164310,20430,88.58,90,score 4.0; syrupUSDC 6.7; GHO 6.0; -1 leverage 9.99x; -1 exit liquidity <1M; yieldz label: Med.
USD,Open token on explorer,Open token on explorer,syrupUSDC,GHO,9.98,26.9044,6.43,-4.15,Med-High,4660000,3170000,74.96,90,score 5.0; syrupUSDC 6.7; GHO 6.0; -1 leverage 9.98x; yieldz label: Low
USD,Open token on explorer,Open token on explorer,syrupUSDT,USDC,9.97,20.9487,5.61,-3.9,Med-High,353690,99190,86.1,90,score 4.1; syrupUSDT 6.1; USDC 8.5; -1 leverage 9.97x; -1 exit liquidity <1M; yieldz label: Med.
USD,Open token on explorer,Open token on explorer,syrupUSDT,USDT0,9.97,19.3341,5.61,-4.08,Med-High,16740000,578.6,90,90,score 5.1; syrupUSDT 6.1; USDT0 7.1; -1 leverage 9.97x; yieldz label: Med.
USD,Open token on explorer,Open token on explorer,syrupUSDT,USDT0,9.96,19.498,5.61,-4.06,Med-High,45850000,57270,93.99,90,score 4.1; syrupUSDT 6.1; USDT0 7.1; -1 leverage 9.96x; -1 util 94%; yieldz label: Med.
USD,Open token on explorer,Open token on explorer,PT-srUSDe-22OCT2026,USDT,9.96,15.8344,5.62,-4.48,Med-High,169490000,7420000,93.73,90,score 4.2; PT-srUSDe-22OCT2026→srUSDe 6.2; USDT 7.1; -1 leverage 9.96x; -1 util 94%; yieldz label: Low
USD,Open token on explorer,Open token on explorer,syrupUSDT,GHO,9.94,14.6394,5.61,-4.6,Med-High,23650000,22300000,82.52,90,score 5.0; syrupUSDT 6.1; GHO 6.0; -1 leverage 9.94x; yieldz label: Med.
USD,Open token on explorer,Open token on explorer,syrupUSDT,USDT,9.93,15.7009,5.61,-4.48,Med-High,169490000,7420000,93.73,90,score 4.1; syrupUSDT 6.1; USDT 7.1; -1 leverage 9.93x; -1 util 94%; yieldz label: Low
USD,Open token on explorer,Open token on explorer,syrupUSDT,GHO,9.93,14.3614,5.61,-4.63,Med-High,2990000,1250000,86.2,90,score 5.0; syrupUSDT 6.1; GHO 6.0; -1 leverage 9.93x; yieldz label: Med.
USD,Open token on explorer,Open token on explorer,PT-sUSDE-22OCT2026,GHO,9.13,10.2906,5.25,-4.63,Med-High,2990000,1250000,86.2,89.01,score 4.7; PT-sUSDE-22OCT2026→sUSDE 5.7; GHO 6.0; -1 leverage 9.13x; yieldz label: Med.
USD,Open token on explorer,Open token on explorer,PT-sUSDE-22OCT2026,USDT0,9.12,14.9128,5.25,-4.06,High,45850000,57270,93.99,89.01,score 3.7; PT-sUSDE-22OCT2026→sUSDE 5.7; USDT0 7.1; -1 leverage 9.12x; -1 util 94%; yieldz label: Med.
USD,Open token on explorer,Open token on explorer,PRIME,PYUSD,7.19,12.939,6.13,-5.03,High,20920000,183530,89.91,86,score 2.0; PRIME unrated 3.0; PYUSD 7.8; -1 leverage 7.19x; yieldz label: Low
USD,Open token on explorer,Open token on explorer,PRIME,AUSD,7.16,17.5876,6.13,-4.27,High,540940,21230,90.38,86,score 1.0; PRIME unrated 3.0; AUSD 7.3; -1 leverage 7.16x; -1 exit liquidity <1M; yieldz label: Med.
USD,Open token on explorer,Open token on explorer,PRIME,USDC,7.16,17.3412,6.13,-4.31,High,382940,198870,79.2,86,score 1.0; PRIME unrated 3.0; USDC 8.5; -1 leverage 7.16x; -1 exit liquidity <1M; yieldz label: Low
USD,Open token on explorer,Open token on explorer,yvvbUSDC,vbUSDT,7.15,45.4785,9.87,-4.08,High,219690,122700,77.35,86,score 1.0; yvvbUSDC unrated 3.0; vbUSDT unrated 3.0; -1 leverage 7.15x; -1 exit liquidity <1M; yieldz label: Low
USD,Open token on explorer,Open token on explorer,PT-strUSD-26NOV2026,USDC,7.15,35.857,11.38,-7.4,High,89300,13310,88.25,86,score 2.3; PT-strUSD-26NOV2026→strUSD 4.3; USDC 8.5; -1 leverage 7.15x; -1 exit liquidity <1M; yieldz label: Med.
USD,Open token on explorer,Open token on explorer,strUSD,USDC,7.15,27.197,10.1,-7.32,High,1960000,513240,86.46,86,score 3.8; strUSD 4.8; USDC 8.5; -1 leverage 7.15x; yieldz label: Low
USD,Open token on explorer,Open token on explorer,sUSDe,DAI,7.15,7.5015,4.98,-4.57,High,220680,69730,85.38,86,score 3.3; sUSDe 6.2; DAI 5.3; -1 leverage 7.15x; -1 exit liquidity <1M; yieldz label: Med.
USD,Open token on explorer,Open token on explorer,PT-USD3-17DEC2026,USDC,7.14,57.8486,14.93,-7.94,High,3220000,560260,87.9,86,score 3.9; PT-USD3-17DEC2026→USD3 4.9; USDC 8.5; -1 leverage 7.14x; yieldz label: Med.
USD,Open token on explorer,Open token on explorer,yvvbUSDT,vbUSDC,7.14,57.18,8.06,-0.06,High,249770,221550,11.49,86,score 1.0; yvvbUSDT unrated 3.0; vbUSDC unrated 3.0; -1 leverage 7.14x; -1 exit liquidity <1M; yieldz label: Med.
USD,Open token on explorer,Open token on explorer,sUSDai,AUSD,7.14,10.2224,6.17,-5.51,High,591120,43810,90.69,86,score 2.9; sUSDai 4.9; AUSD 7.3; -1 leverage 7.14x; -1 exit liquidity <1M; yieldz label: Med.
USD,Open token on explorer,Open token on explorer,PST,AUSD,7.13,16.3894,7.93,-6.55,High,423160,25830,90.58,86,score 1.0; PST unrated 3.0; AUSD 7.3; -1 leverage 7.13x; -1 exit liquidity <1M; yieldz label: Med.
USD,Open token on explorer,Open token on explorer,syrupUSDT,LUSD,1.05,5.785,5.61,-2.11,Med-Low,1260000,880010,33.4,5,score 6.1; syrupUSDT 6.1; LUSD 7.6; yieldz label: Low
USD,Open token on explorer,Open token on explorer,syrupUSDT,EURC,1.05,5.693,5.61,-3.95,Med-Low,16630000,12080000,63.41,75,score 6.1; syrupUSDT 6.1; EURC 8.3; yieldz label: Low
USD,Open token on explorer,Open token on explorer,syrupUSDT,USDC,1.05,5.65,5.61,-4.81,Med-High,140070000,4320000,94.18,5,score 5.1; syrupUSDT 6.1; USDC 8.5; -1 util 94%; yieldz label: Med.
USD,Open token on explorer,Open token on explorer,syrupUSDT,RLUSD,1.05,5.6485,5.61,-4.84,Med-High,890790,268320,71.38,5,score 5.1; syrupUSDT 6.1; RLUSD 7.8; -1 exit liquidity <1M; yieldz label: Low
USD,Open token on explorer,Open token on explorer,syrupUSDT,DAI,1.05,5.638,5.61,-5.05,Med-High,12130000,1770000,90.64,5,score 5.3; syrupUSDT 6.1; DAI 5.3; yieldz label: Low
USD,Open token on explorer,Open token on explorer,syrupUSDT,PYUSD,1.04,5.632,5.61,-5.06,Med-High,912970,111190,88.61,5,score 5.1; syrupUSDT 6.1; PYUSD 7.8; -1 exit liquidity <1M; yieldz label: Low
