ETH Farm List  ·  DefiLlama API snapshot 6 Oct 2026  ·  221 pools,,,,,,,,,,,,,,,,,
Asset,Protocol,Chain,Type,Farm,Risk,Link,Base Asset,TVL ($),Now,7d,30d,Base,Reward,Intrinsic,Risk Note,LinkURL,Flags
ETH,Yearn Finance,Ethereum,Lending,CRVCVXETH,High,DefiLlama,CRVCVXETH,255524,21.15722,21.01508,20.79808,21.15722,0,,unrated: internal signals only,https://defillama.com/yields/pool/dcc0dac0-631e-4030-88a5-720e85e8e25a,
ETH,Curve DEX,Ethereum,LP,pufETH/wstETH,Med-Low,DefiLlama,pufETH-wstETH,3104352,20.11001,5.78235,3.77293,20.06,0.05001,,score 7.0; PUFETH 9.0 (credora 9.0); WSTETH 8.0 (tid 8.0); worst leg: WSTETH; -1 pool 96% in pufETH,https://defillama.com/yields/pool/4b179a19-7b56-4b0d-a876-95f89dba3ef9,SPIKE(30d avg 3.8); REALIZED-LOW(2.60 vs quoted 20.06)
ETH,Aerodrome Slipstream,Base,LP,CL50 - 0.05%,High,DefiLlama,WETH-MSETH,2053223,19.2878,24.25656,209.51594,6.36375,12.92405,,score 3.0; WETH 9.0*; MSETH unrated 3.0; worst leg: MSETH,https://defillama.com/yields/pool/08e1a166-5366-4f57-bef8-76acb53699f0,REWARD-HEAVY(emissions 12.9 of 19.3 unverified)
ETH,Velodrome V2,OP Mainnet,LP,StableV2 AMM - msETH/WETH,High,DefiLlama,msETH-WETH,1130248,16.06491,16.81772,16.60349,,16.06491,,score 3.0; WETH 9.0*; MSETH unrated 3.0; worst leg: MSETH,https://defillama.com/yields/pool/5522e03c-6813-48d6-b624-87e9d0fd327d,REWARD-HEAVY(emissions 16.1 of 16.1 unverified)
ETH,Fluid DEX,Arbitrum,LP,weETH-ETH,Med-Low,DefiLlama,weETH-ETH,207552,15.67746,11.99975,3.02411,15.67746,,,score 6.0; WEETH 7.0 (tid 7.0); ETH 8.4 (credora 8.4); worst leg: WEETH; -1 tvl<1M,https://defillama.com/yields/pool/f4106b25-024d-4f19-85f0-bf109ab46f7c,SPIKE(30d avg 3.0)
ETH,Curve DEX,Ethereum,LP,pufETH/wstETH,Med-Low,DefiLlama,pufETH-wstETH,2045409,12.9,4.34571,3.44343,12.9,0,,score 7.9; PUFETH 9.0 (credora 9.0); WSTETH 8.0 (tid 8.0); worst leg: WSTETH; capped 7.9: not VERIFIED,https://defillama.com/yields/pool/00a7c200-ad4e-4bb1-9c81-57edefe71925,REALIZED-LOW(2.52 vs quoted 12.90)
ETH,Reserve Protocol,Base,Lending,Based ETH,Med-Low,DefiLlama,bsdETH,2043900,12.28278,11.61288,5.34665,12.28278,,,score 7.4; BSDETH 7.4 (credora 7.4),https://defillama.com/yields/pool/ca775845-b68a-4084-8d8d-29c31970a643,
ETH,Velodrome V2,OP Mainnet,LP,StableV2 AMM - alETH/WETH,High,DefiLlama,alETH-WETH,3653119,8.44672,8.33989,7.2426,,8.44672,,score 3.0; WETH 9.0*; ALETH unrated 3.0; worst leg: ALETH,https://defillama.com/yields/pool/e2952fae-baab-4c1e-a3fb-b4815c7e1c8d,REWARD-HEAVY(emissions 8.4 of 8.4 unverified)
ETH,Convex Finance,Ethereum,LP,ETH+/ETH,Med-Low,DefiLlama,ETH+-WETH,10914165,8.43771,4.9851,6.13656,5.71,2.72771,,score 7.9; ETHPLUS 9.0 (yearn 9.0); WETH 9.0*; worst leg: ETHPLUS; capped 7.9: not VERIFIED,https://defillama.com/yields/pool/152b7ce2-7193-475d-9b15-3f17fee66047,
ETH,Beefy,Ethereum,LP,Moo Curve ETH+-WETH,Low,DefiLlama,ETH+-WETH,7691182,8.36603,6.18316,7.0826,,,,score 9.0; ETHPLUS 9.0 (yearn 9.0); WETH 9.0*; worst leg: ETHPLUS,https://defillama.com/yields/pool/c98203f5-ea5c-42b0-ab85-f3edfd7b9cbe,
ETH,Curve DEX,Arbitrum,LP,alETH-WETH,High,DefiLlama,alETH-WETH,710820,8.10501,6.84857,6.53149,0.07,8.03501,,score 1.0; WETH 9.0*; ALETH unrated 3.0; worst leg: ALETH; -1 tvl<1M; -1 pool 87% in alETH,https://defillama.com/yields/pool/fa4c63d8-e411-437a-80be-b09c603cfa7b,
ETH,Neverland,Monad,Lending,Neverland Interest Bearing WETH,Med-Low,DefiLlama,WETH,519301,8.06495,8.06317,3.74868,0.20131,7.86364,,score 7.9; WETH 9.0*; -1 tvl<1M; capped 7.9: not VERIFIED,https://defillama.com/yields/pool/226ca3b7-162a-441c-ad87-047fcf2a1fc7,REWARD-HEAVY(emissions 7.9 of 8.1 unverified)
ETH,Lagoon,Ethereum,Lending,YIELDETH,High,DefiLlama,YIELDETH,462823,7.98672,8.28238,7.64364,7.98672,,,unrated: internal signals only,https://defillama.com/yields/pool/d3b330b8-66e4-4622-b01f-9466298a18d9,
ETH,Fusion by IPOR,Ethereum,Lending,Fusion stETH looping Ethereum,Med-High,DefiLlama,stETH,5445794,7.9856,7.26522,7.59124,5.7696,0,2.216,"score 4.7; STETH 9.5 (credora 9.5); allocation leg 8.2 (spark-lend 8.2†@99%, aave-v3 8.5†@1%, stETH 9.5@0%, wstETH 8.0@0%, stETH 9.5@0%, wstETH 8.0@0%, stETH 9.5@0%); allocation leg governs; -2 red flags; -1 leveraged strategy; -0.5 concentrated book 99%",https://defillama.com/yields/pool/eddd84ad-dda7-49ea-9313-662e25e9e518,MISMATCH(source 5.70)
ETH,Aerodrome V1,Base,LP,Stable AMM - WETH/msETH,High,DefiLlama,WETH-msETH,2487589,7.49358,7.90408,6.23539,,7.49358,,score 3.0; WETH 9.0*; MSETH unrated 3.0; worst leg: MSETH,https://defillama.com/yields/pool/0af161e4-7127-4f87-89c3-fd0b1175532e,REWARD-HEAVY(emissions 7.5 of 7.5 unverified)
ETH,Curve DEX,Ethereum,LP,ETH+/ETH,Med-Low,DefiLlama,ETH+-WETH,15753863,7.22649,3.75508,4.26731,5.71,1.51649,,score 7.0; ETHPLUS 9.0 (yearn 9.0); WETH 9.0*; worst leg: ETHPLUS; -2 red flags,https://defillama.com/yields/pool/f5ee25d0-d52d-4bf3-a3f9-515f018103c0,MISMATCH(curve total 1.52)
ETH,Beefy,Base,LP,Moo Aero msETH-ETH,High,DefiLlama,msETH-WETH,779200,7.02021,7.4424,5.86021,,,,score 2.0; WETH 9.0*; MSETH unrated 3.0; worst leg: MSETH; -1 tvl<1M,https://defillama.com/yields/pool/4e694253-449d-4750-8dcd-3cfaa94452aa,
ETH,Convex Finance,Ethereum,LP,osETH/rETH,Med-Low,DefiLlama,osETH-rETH,2320611,6.98291,6.99417,6.81526,2.3,4.68291,,score 7.8; OSETH 7.8*; RETH 8.4 (credora 8.4); worst leg: OSETH,https://defillama.com/yields/pool/10e78df0-9ce4-4d23-bfbd-f35f002e95f5,
ETH,Balancer V3,Base,LP,BALANCERRETH-AAVEWETH,High,DefiLlama,BALANCERRETH-AAVEWETH,262370,6.69973,7.28563,6.7073,1.66942,5.03031,,unrated: internal signals only,https://defillama.com/yields/pool/cff9b9e2-37b7-4282-98b3-528c23e430f6,
ETH,Balancer V3,Arbitrum,LP,BALANCERRETH-AAVEWETH,High,DefiLlama,BALANCERRETH-AAVEWETH,292261,6.6578,6.94874,6.81825,1.67576,4.98204,,unrated: internal signals only,https://defillama.com/yields/pool/ac6586ef-aeec-4448-bab8-c3a1b14b59a3,
ETH,Fusion by IPOR,Base,Lending,IPOR WstETH Base,Med-High,DefiLlama,wstETH,221639,6.57904,6.64543,4.54088,4.36304,0,2.216,"score 4.0; WSTETH 8.0 (tid 8.0); allocation leg 8.1 (wstETH 8.0@72%, aave-v3 8.5†@23%, wstETH 8.0@4%, WStETH 8.0@0%); -2 red flags; -1 tvl<1M; -1 leveraged strategy",https://defillama.com/yields/pool/24727d24-30cd-4a49-a45b-b5b4faeec72e,MISMATCH(source 4.47)
ETH,Fusion by IPOR,Ethereum,Lending,rETH Liquity LP Carry,Med-Low,DefiLlama,WETH,16321090,6.19227,5.93032,6.25408,3.20766,2.98461,,"score 7.6; WETH 9.0*; allocation leg 7.6 (liquity-zapper 7.0†@67%, WETH 9.0*@28%, WETH 9.0*@4%, WETH 9.0*@0%); allocation leg governs",https://defillama.com/yields/pool/b01b6734-1ceb-4427-8a03-36fe9bd726b1,
ETH,Upshift,Ethereum,Lending,HGETH,High,DefiLlama,HGETH,13690010,6.15,6.15,6.15,6.15,,,score 1.4; HGETH 3.4 (yearn 3.4); -2 self-reported,https://defillama.com/yields/pool/bb925c10-033a-488d-90c1-595001b5656e,SELF-REPORTED(flat 30d history)
ETH,Curve DEX,Ethereum,LP,Curve.fi Factory Pool: ETHx-ETH,High,DefiLlama,ETH-ETHx,603983,6.13518,5.80817,4.44158,1.73,4.40518,,score 2.0; ETH 8.4 (credora 8.4); ETHX unrated 3.0; worst leg: ETHX; -1 tvl<1M,https://defillama.com/yields/pool/f78f31b0-80ed-4504-bf89-74e0162e998f,
ETH,Fusion by IPOR,Base,Lending,TAU cbETH Dynamic Looping,Med-High,DefiLlama,cbETH,6442059,5.65245,5.97984,7.35793,2.35503,1.00661,2.29081,"score 5.3; CBETH 8.3*; allocation leg 8.3 (aave-v3 8.5†@85%, euler?0x60c61a 6.0†@7%, cbETH 8.3*@7%, euler?0x358f25 6.0†@0%, cbETH 8.3*@0%, cbETH 8.3*@0%); allocation leg governs; -2 red flags; -1 leveraged strategy",https://defillama.com/yields/pool/8d8b3ef8-1fee-4314-8cae-cdde303e4947,MISMATCH(source 3.37)
ETH,Lista Lending,Ethereum,Lending,Lista WETH Savings Vault,Med-Low,DefiLlama,WETH,7275091,5.56383,5.63574,5.01431,0.56833,4.9955,,score 7.9; WETH 9.0*; capped 7.9: not VERIFIED,https://defillama.com/yields/pool/45e23921-be3d-5419-9642-f1aa799307e6,REWARD-HEAVY(emissions 5.0 of 5.6 unverified)
ETH,Aerodrome V1,Base,LP,Volatile AMM - WETH/bsdETH,Med-Low,DefiLlama,WETH-bsdETH,1161220,5.50063,5.31559,4.84491,,5.50063,,score 7.4; WETH 9.0*; BSDETH 7.4 (credora 7.4); worst leg: BSDETH,https://defillama.com/yields/pool/65b6cf7e-8846-49e6-adbb-0f176ff427bb,REWARD-HEAVY(emissions 5.5 of 5.5 unverified)
ETH,Uniswap V3,Ethereum,LP,0.01%,Med-Low,DefiLlama,RETH-WETH,991937,5.4138,4.0175,3.47287,5.4138,,,score 7.4; RETH 8.4 (credora 8.4); WETH 9.0*; worst leg: RETH; -1 tvl<1M,https://defillama.com/yields/pool/a24f24d4-c90c-4793-a97c-0332c7ff563a,
ETH,Balancer V3,Ethereum,LP,RETH-WAETHWETH,High,DefiLlama,RETH-WAETHWETH,6445900,5.22235,5.40408,5.32175,1.71802,3.50433,,score 3.0; RETH 8.4 (credora 8.4); WAETHWETH unrated 3.0; worst leg: WAETHWETH,https://defillama.com/yields/pool/efbb5313-739c-4667-aa99-379f84f5b600,
ETH,Makina,Ethereum,Lending,DQAEETH,High,DefiLlama,DQAEETH,751387,5.19843,4.68129,2.714,5.19843,,,unrated: internal signals only,https://defillama.com/yields/pool/6b5e754b-3276-5966-ba26-191bbec77e95,
ETH,Reserve Protocol,Ethereum,Lending,ETHPlus,Med-Low,DefiLlama,ETH+,11160481,5.11353,4.85837,2.87275,5.11353,,,score 7.9; ETHPLUS 9.0 (yearn 9.0); capped 7.9: not VERIFIED,https://defillama.com/yields/pool/4e6cd326-72d5-4680-8d2f-3481d50e8bb1,
ETH,Beefy,Base,LP,Aerodrome,Med-Low,DefiLlama,WETH-BSDETH,399367,5.10404,4.93807,4.49191,,,,score 6.4; WETH 9.0*; BSDETH 7.4 (credora 7.4); worst leg: BSDETH; -1 tvl<1M,https://defillama.com/yields/pool/5f83ac83-753a-4382-869f-38c4e1658a36,
ETH,Moonwell Lending,Base,Lending,Moonwell Wrapped Lido Staked Ether,Med-Low,DefiLlama,wstETH,618820,5.00999,5.00616,4.92866,2.70639,0.0876,2.216,score 7.0; WSTETH 8.0 (tid 8.0); -1 tvl<1M,https://defillama.com/yields/pool/0d27f0a5-572a-41cd-98a6-ad5804f95044,
ETH,Morpho Blue,OP Mainnet,Lending,RE7WETH,Med-Low,DefiLlama,RE7WETH,2880810,5.00992,5.12644,5.64577,0.94548,4.06444,,score 7.5; allocation leg 8.0 (wstETH 8.0@100%); -0.5 concentrated book 100%,https://defillama.com/yields/pool/fb0a056b-1672-4ff6-b695-f1ba349aec3f,
ETH,Beefy,Ethereum,LP,Aura,High,DefiLlama,RETH-WAETHWETH,959456,4.97236,5.07155,5.04376,,,,score 2.0; RETH 8.4 (credora 8.4); WAETHWETH unrated 3.0; worst leg: WAETHWETH; -1 tvl<1M,https://defillama.com/yields/pool/56494e41-dc61-4495-8639-52c100e96608,
ETH,Fluid Lite,Ethereum,Lending,Instadapp ETH v2,Med-Low,DefiLlama,ETH,209878670,4.9666,4.85534,4.7303,,,,score 7.9; ETH 8.4 (credora 8.4); capped 7.9: not VERIFIED,https://defillama.com/yields/pool/e72916f7-a2d1-47ad-a4b9-2b054337cfd6,
ETH,Aave V3,Ethereum,Lending,Umbrella,Med-Low,DefiLlama,WETH,30809266,4.8628,4.9255,5.00829,1.3628,3.5,,"score 7.9; WETH 9.0*; pool collateral leg 8.4 (tBTC 9.0@42%, rETH 8.4@33%, weETH 7.0@12%, cbETH 8.3*@5%, LINK 8.0*@3%, XAUt 7.3@2%, AAVE 8.0*@1%, BTC.b 6.6@0%, LBTC 7.5*@0%); pool collateral leg governs; capped 7.9: not VERIFIED",https://defillama.com/yields/pool/82969010-fb6e-4af6-a72c-55c8da9c78cf,REWARD-HEAVY(emissions 3.5 of 4.9 unverified)
ETH,Fusion by IPOR,Base,Lending,Base cbETH Loooper,Med-High,DefiLlama,WETH,4518539,4.74113,4.98588,5.52677,3.78976,0.95137,,score 5.9; WETH 9.0*; -1 leveraged strategy; capped 5.9: allocation not visible,https://defillama.com/yields/pool/9bc9efe0-a3d0-4fba-bf76-fd2ee5b49a35,
ETH,Aerodrome Slipstream,Base,LP,CL1 - 0.01%,Med-Low,DefiLlama,WETH-bsdETH,1868776,4.46476,2.87568,2.47502,3.22925,1.23551,,score 7.4; WETH 9.0*; BSDETH 7.4 (credora 7.4); worst leg: BSDETH,https://defillama.com/yields/pool/66dac3bb-be33-4e22-9b35-77f05e492a7d,
ETH,Balancer V3,OP Mainnet,LP,BALANCERRETH-AAVEWETH,High,DefiLlama,BALANCERRETH-AAVEWETH,384870,4.27068,4.31153,4.25813,1.69719,2.57349,,unrated: internal signals only,https://defillama.com/yields/pool/f40bad4e-96b8-4726-b7ad-e15e81ba8442,
ETH,Lagoon,Ethereum,Lending,RCETH,High,DefiLlama,RCETH,899718,4.01439,3.81137,2.17672,4.01439,,,unrated: internal signals only,https://defillama.com/yields/pool/74a07b39-e65d-449a-877d-5c8cb76a414a,
ETH,Fusion by IPOR,Base,Lending,Autopilot wETH Base,Med-Low,DefiLlama,WETH,6627436,3.77601,3.8195,4.36123,2.42747,1.34854,,"score 6.0; WETH 9.0*; allocation leg 6.0 (harvest-erc4626 6.0†@75%, harvest-erc4626 6.0†@20%, harvest-erc4626 6.0†@5%, WETH 9.0*@1%, harvest-erc4626 6.0†@0%, harvest-erc4626 6.0†@0%, harvest-erc4626 6.0†@0%, harvest-erc4626 6.0†@0%, harvest-erc4626 6.0†@0%, harvest-erc4626 6.0†@0%); allocation leg governs",https://defillama.com/yields/pool/03e9d970-3a5a-4aa7-aa3e-0e2fd839a0ec,
ETH,Superform,Ethereum,Lending,SuperVault,High,DefiLlama,SUPERWETH,2444914,3.72213,17.5936,6.40895,1.91558,1.80655,,unrated: internal signals only,https://defillama.com/yields/pool/39143e86-aca1-4538-a77d-8b081fab62b6,
ETH,Curve DEX,Fraxtal,LP,EZETH-FRXETH,High,DefiLlama,EZETH-FRXETH,313951,3.71,1.06,0.641,3.71,0,,score 2.0; EZETH 7.4 (credora 7.4); FRXETH unrated 3.0; worst leg: FRXETH; -1 tvl<1M,https://defillama.com/yields/pool/45e82632-b504-4cb8-9fda-dfaedead081f,
ETH,Lagoon,Ethereum,Lending,GAMIETH,High,DefiLlama,GAMIETH,286376,3.68002,3.52689,3.87426,3.68002,,,unrated: internal signals only,https://defillama.com/yields/pool/81b46426-6adf-4f11-a027-f63d9232de9f,
ETH,Beefy,Ethereum,LP,Convex,High,DefiLlama,ALETH-FRXETH,468891,3.60036,3.13879,2.58449,,,,unrated: internal signals only,https://defillama.com/yields/pool/1eeb3784-0bb0-470c-b06e-9965f36bd7d1,
ETH,ether.fi Liquid,Ethereum,Lending,LIQUIDETH,High,DefiLlama,LIQUIDETH,371320322,3.4158,3.11889,3.20359,3.4158,,,unrated: internal signals only,https://defillama.com/yields/pool/b86d4934-2e75-415a-bdd2-e28143d72491,
ETH,Morpho Blue,Monad,Lending,STEAKETH,Med-Low,DefiLlama,STEAKETH,38567479,3.33034,3.1189,2.88029,0.33034,3,,score 7.5; allocation leg 8.0 (wstETH 8.0@100%); credora vault A- (psl 0.57%); allocation leg governs; -0.5 concentrated book 100%,https://defillama.com/yields/pool/22f041f7-8313-43c2-b319-bcf70f5ee2aa,
ETH,Gearbox,Ethereum,Lending,wstETH v3,Med-High,DefiLlama,wstETH,1178049,3.22182,3.1248,2.96446,0.89888,0.10694,2.216,score 5.9; WSTETH 8.0 (tid 8.0); capped 7.9: not VERIFIED; capped 5.9: collateral not visible,https://defillama.com/yields/pool/aa906e30-64ad-416d-a141-6a2d01a52832,
ETH,Convex Finance,Ethereum,LP,Curve.fi Factory Plain Pool: msETH/WETH,High,DefiLlama,msETH-WETH,4437493,3.21183,3.263,3.60103,0.02,3.19183,,score 2.0; WETH 9.0*; MSETH unrated 3.0; worst leg: MSETH; -1 pool 93% in msETH,https://defillama.com/yields/pool/c130b363-10fa-46d9-8221-3b23ed8027b4,
ETH,Makina,Ethereum,Lending,DETH,High,DefiLlama,DETH,6779588,3.13045,3.57255,4.17563,3.13045,,,unrated: internal signals only,https://defillama.com/yields/pool/3acfa7fe-2667-56ea-9427-cfb763f891f2,
ETH,Gearbox,Ethereum,Lending,WETH,Med-High,DefiLlama,WETH,512330,3.09574,3.19577,3.09094,1.83998,1.25576,,score 5.9; WETH 9.0*; -1 tvl<1M; capped 7.9: not VERIFIED; capped 5.9: collateral not visible,https://defillama.com/yields/pool/5d06dfea-61f8-4807-a148-bff73c059092,
ETH,Superform,Base,Lending,SuperVault,High,DefiLlama,SUPERWETH,398354,3.04065,3.0144,2.71338,1.2341,1.80655,,unrated: internal signals only,https://defillama.com/yields/pool/34c1bf61-ef0e-4832-8f14-67008187d3b4,
ETH,Beefy,Ethereum,LP,Moo Curve msETH-WETH,High,DefiLlama,msETH-WETH,3339655,2.99004,3.04178,3.4394,,,,score 2.0; WETH 9.0*; MSETH unrated 3.0; worst leg: MSETH; -1 pool 93% in msETH,https://defillama.com/yields/pool/42b421f5-0cf1-4380-b9aa-302eabd92503,
ETH,Aerodrome Slipstream,Base,LP,CL1 - 0.0065%,Med-Low,DefiLlama,cbETH-WETH,2467564,2.98332,3.98291,3.38149,2.42515,0.55817,,score 7.9; CBETH 8.3*; WETH 9.0*; worst leg: CBETH; capped 7.9: not VERIFIED,https://defillama.com/yields/pool/dc5b6771-96a6-4b38-b1c3-912544c23899,
ETH,Aave V3,Base,Lending,Aave Base WETH,Low,DefiLlama,WETH,41542832,2.98192,3.69672,2.05774,1.44196,1.53996,,"score 8.7; WETH 9.0*; pool collateral leg 8.7 (cbBTC 9.5@37%, USDC 8.5@28%, cbETH 8.3*@23%, weETH 7.0@7%, wstETH 8.0@4%); pool collateral leg governs",https://defillama.com/yields/pool/23405eee-97e7-4b8e-8625-19c3a36047e8,
ETH,Morpho Blue,Base,Lending,CSCOREETH,Med-Low,DefiLlama,CSCOREETH,6738042,2.90835,3.03426,3.26928,1.48268,1.42567,,"score 7.8; allocation leg 8.3 (cbETH 8.3*@94%, wstETH 8.0@2%, cbBTC 9.5@2%, wstETH 8.0@0%, rETH 8.4@0%); credora vault A (psl 0.27%); allocation leg governs; -0.5 concentrated book 94%",https://defillama.com/yields/pool/8cb16e3d-4959-4602-ad70-665f93940058,
ETH,Lagoon,Ethereum,Lending,9SETH,High,DefiLlama,9SETH,5133596,2.8992,2.61437,1.19508,2.8992,,,unrated: internal signals only,https://defillama.com/yields/pool/a5642791-1d8f-4b00-8609-55b710a45dd3,
ETH,Convex Finance,Ethereum,LP,weETH/WETH-ng,Med-Low,DefiLlama,WETH-weETH,10806621,2.88453,3.06065,2.60792,1.9,0.98453,,score 7.0; WETH 9.0*; WEETH 7.0 (tid 7.0); worst leg: WEETH,https://defillama.com/yields/pool/7a943c54-a3cc-4977-b400-6bcad3d0c06c,
ETH,Beefy,Fraxtal,LP,Moo Curve wfrxETH-sfrxETH,High,DefiLlama,frxETH-sfrxETH,1950169,2.87795,2.80559,2.95903,,,,score 3.0; SFRXETH 8.0*; FRXETH unrated 3.0; worst leg: FRXETH,https://defillama.com/yields/pool/978f538d-2484-4add-9c50-082d48b50d84,
ETH,Convex Finance,Ethereum,LP,alETH/wETH,High,DefiLlama,alETH-WETH,1500605,2.74579,2.62484,2.61388,0.14,2.60579,,score 2.0; WETH 9.0*; ALETH unrated 3.0; worst leg: ALETH; -1 pool 87% in alETH,https://defillama.com/yields/pool/191a1676-b210-41c5-887a-0ef981a4c50e,
ETH,Aave V3,Monad,Lending,Aave Monad WETH,Low,DefiLlama,WETH,1129891,2.73917,2.75075,3.35851,1.468,1.27117,,"score 8.0; WETH 9.0*; pool collateral leg 8.0 (USDC 8.5@70%, USDT0 7.1@20%, GHO 6.0@10%, cbBTC 9.5@0%); pool collateral leg governs",https://defillama.com/yields/pool/7909e3f2-f00f-5e8e-9655-0d7e189794a3,
ETH,Lagoon,Ethereum,Lending,AMMVWETH,Med-High,DefiLlama,AMMVWETH,1145688,2.71778,2.27971,2.28527,2.71778,,,unrated: internal signals only,https://defillama.com/yields/pool/5ee9a6a0-4431-48e4-8935-00de3d3c4455,
ETH,Curve DEX,Ethereum,LP,Curve.fi Factory Plain Pool: msETH/WETH,High,DefiLlama,msETH-WETH,13052459,2.71483,2.58619,1.88277,0.02,2.69483,,score 2.0; WETH 9.0*; MSETH unrated 3.0; worst leg: MSETH; -1 pool 93% in msETH,https://defillama.com/yields/pool/4257ff95-e25c-4340-885d-8ad87c41481b,
ETH,Midas RWA,OP Mainnet,Lending,mRe7ETH,High,DefiLlama,ETH,13143399,2.7,2.7,2.31167,2.7,,,unrated: internal signals only,https://defillama.com/yields/pool/7380a44d-da0e-460b-b149-0c2f2f271316,
ETH,Curve DEX,Fraxtal,LP,wfrxETH/sfrxETH,High,DefiLlama,frxETH-sfrxETH,2846659,2.68484,2.57148,2.70529,1.54,1.14484,,score 3.0; SFRXETH 8.0*; FRXETH unrated 3.0; worst leg: FRXETH,https://defillama.com/yields/pool/41ac01a5-f67f-470c-96bf-7ffb31692dd0,
ETH,Euler V2,Monad,Lending,EVK Vault eWETH-7,Med-Low,DefiLlama,WETH,7639261,2.65679,2.6999,2.76693,1.21609,1.4407,,score 7.9; WETH 9.0*; capped 7.9: not VERIFIED,https://defillama.com/yields/pool/8230dac6-31e8-5957-b442-90509858cc68,
ETH,Curve DEX,Ethereum,LP,TETH-WEETH,High,DefiLlama,TETH-WEETH,834630,2.65,2.64857,2.62767,2.65,0,,score 2.0; WEETH 7.0 (tid 7.0); TETH unrated 3.0; worst leg: TETH; -1 tvl<1M,https://defillama.com/yields/pool/d0f09aac-e563-4cfc-b1d6-9a0c3d6767cb,
ETH,Euler V2,Monad,Lending,K3 Capital Earn WETH,Med-Low,DefiLlama,WETH,65456716,2.61489,2.6684,2.68664,1.18192,1.43297,,score 7.9; WETH 9.0*; capped 7.9: not VERIFIED,https://defillama.com/yields/pool/951e4e49-9760-49a3-aea9-bd832384219f,
ETH,Euler V2,Monad,Lending,EVK Vault eWETH-3,Med-Low,DefiLlama,WETH,9832065,2.59814,2.67225,2.67003,1.15744,1.4407,,score 7.9; WETH 9.0*; capped 7.9: not VERIFIED,https://defillama.com/yields/pool/63339201-f070-41e4-94cf-85dc19637da4,
ETH,Yearn Finance,Katana,Lending,vbETH yVault,Med-Low,DefiLlama,vbETH,7242801,2.58156,2.60824,2.80437,1.40361,1.17795,,"score 6.7; VBETH 7.4 (credora 7.4); strategy book leg 6.7 (Morpho Yearn OG ~WETH 6.5†@68%, Single Sided Ste~weETH 7.0†@29%, Single Sided Ste~WSTETH 8.0†@3%); strategy book leg governs",https://defillama.com/yields/pool/23efa6ee-dbe8-4590-9857-5e0a4bcfc9ed,
ETH,Aerodrome Slipstream,Base,LP,CL1 - 0.0085%,Med-Low,DefiLlama,weETH-WETH,771801,2.53487,2.9418,1.83223,1.03743,1.49744,,score 6.0; WEETH 7.0 (tid 7.0); WETH 9.0*; worst leg: WEETH; -1 tvl<1M,https://defillama.com/yields/pool/4410a5ad-f0a4-47fc-8c37-15b7056d1c94,
ETH,Fraxlend,Ethereum,Lending,frxUSD borrow,Med-Low,DefiLlama,SFRXETH,1208171,2.51399,2.51399,2.51399,,,2.51399,score 6.0; SFRXETH 8.0*; -2 self-reported,https://defillama.com/yields/pool/cde8679e-d52b-49dc-b1c1-e7c37e3a0251,SELF-REPORTED(flat 30d history)
ETH,Fraxlend,Ethereum,Lending,FRAX borrow,Med-High,DefiLlama,SFRXETH,209997,2.51399,2.51399,2.51399,,,2.51399,score 5.0; SFRXETH 8.0*; -2 self-reported; -1 tvl<1M,https://defillama.com/yields/pool/d5a5e303-325e-4b01-a2dc-96494eef2f8b,SELF-REPORTED(flat 30d history)
ETH,Curve DEX,Ethereum,LP,weETH/WETH-ng,Med-High,DefiLlama,WETH-weETH,12662046,2.50143,2.67055,2.23292,1.9,0.60143,,score 5.0; WETH 9.0*; WEETH 7.0 (tid 7.0); worst leg: WEETH; -2 red flags,https://defillama.com/yields/pool/747e43ae-940f-430b-a216-251d5949b27e,MISMATCH(curve total 0.60)
ETH,Morpho Blue,Katana,Lending,WEETH,Med-Low,DefiLlama,WEETH,5571179,2.4832,2.45283,2.31998,0,0.20365,2.27955,score 7.0; WEETH 7.0 (tid 7.0),https://defillama.com/yields/pool/ea690139-f174-4e68-94e7-2420ac1d61c4,
ETH,Gains Network,Arbitrum,Lending,WETH,Med-Low,DefiLlama,WETH,598197,2.4338,2.60618,2.4444,2.4338,,,score 7.9; WETH 9.0*; -1 tvl<1M; capped 7.9: not VERIFIED,https://defillama.com/yields/pool/ba852dba-2778-4b00-a8e5-5ea40b56270f,
ETH,Aave V4,Ethereum,Lending,Core,High,DefiLlama,rsETH,3539269,2.37,2.37,2.37,0,,2.37,"score 0.5; RSETH 1.5 (credora 1.5); pool collateral leg 8.5 (tBTC 9.0@44%, rETH 8.4@34%, weETH 7.0@13%, cbETH 8.3*@5%, AAVE 8.0*@1%, BTC.b 6.6@0%, LBTC 7.5*@0%, wstETH 8.0@0%, syrupUSDT 6.1@0%); -2 self-reported",https://defillama.com/yields/pool/39e1a12f-8a90-415d-96d7-5417ae7ac3fc,SELF-REPORTED(flat 30d history)
ETH,Euler V2,Monad,Lending,EVK Vault eWETH-2,Med-Low,DefiLlama,WETH,496802,2.36747,2.40975,2.34313,0.92677,1.4407,,score 7.9; WETH 9.0*; -1 tvl<1M; capped 7.9: not VERIFIED,https://defillama.com/yields/pool/842fd8d6-5e94-472f-b5d5-b42cfee98ab8,
ETH,Aerodrome Slipstream,Base,LP,CL1 - 0.009%,Med-Low,DefiLlama,WETH-wstETH,4267020,2.33941,2.90754,3.1334,1.25825,1.08116,,score 7.9; WETH 9.0*; WSTETH 8.0 (tid 8.0); worst leg: WSTETH; capped 7.9: not VERIFIED,https://defillama.com/yields/pool/05bd3778-2cb9-424d-a4bc-5707f8612a75,
ETH,Curve DEX,Ethereum,LP,WSTETH-RETH-SFRXETH,Med-High,DefiLlama,WSTETH-RETH-SFRXETH,326338,2.32,2.43857,2.45867,2.32,0,,score 5.0; WSTETH 8.0 (tid 8.0); RETH 8.4 (credora 8.4); SFRXETH 8.0*; worst leg: WSTETH; -2 red flags; -1 tvl<1M,https://defillama.com/yields/pool/8b55f2ca-0f4b-4dbd-8d02-62e8bc397fb9,NOT-ACCRUING(realized 0.05 vs quoted 2.32)
ETH,Convex Finance,Ethereum,LP,WSTETH-RETH-SFRXETH,Med-High,DefiLlama,WSTETH-RETH-SFRXETH,309758,2.32,2.43857,2.45833,2.32,0,,score 5.0; WSTETH 8.0 (tid 8.0); RETH 8.4 (credora 8.4); SFRXETH 8.0*; worst leg: WSTETH; -2 red flags; -1 tvl<1M,https://defillama.com/yields/pool/68733740-6d4c-4af2-b938-6a25cc73d7e9,NOT-ACCRUING(realized 0.05 vs quoted 2.32)
ETH,Curve DEX,Ethereum,LP,osETH/rETH,Med-Low,DefiLlama,osETH-rETH,15233223,2.3,2.25,2.254,2.3,0,,score 7.8; OSETH 7.8*; RETH 8.4 (credora 8.4); worst leg: OSETH,https://defillama.com/yields/pool/e7fe034b-6f68-4a8f-9cef-bab9bcd051e1,
ETH,Dolomite,Arbitrum,Lending,WETH,Med-Low,DefiLlama,WETH,1423232,2.29328,2.25271,2.46142,2.29328,,,score 7.9; WETH 9.0*; capped 7.9: not VERIFIED,https://defillama.com/yields/pool/655ca962-e0ac-424c-84f9-2fe4fbb0fef4,
ETH,Aave V3,Base,Lending,Aave Base cbETH,Low,DefiLlama,cbETH,148772396,2.29103,2.29104,2.29105,0.00022,,2.29081,"score 8.3; CBETH 8.3*; pool collateral leg 8.9 (WETH 9.0*@33%, cbBTC 9.5@32%, USDC 8.5@24%, weETH 7.0@6%, wstETH 8.0@4%)",https://defillama.com/yields/pool/54470a44-22f4-4508-bbbb-2d8e2770ab77,
ETH,Aave V3,Ethereum,Lending,Aave Ethereum cbETH,Low,DefiLlama,cbETH,17161702,2.29097,2.29096,2.29096,0.00016,,2.29081,"score 8.3; CBETH 8.3*; pool collateral leg 8.4 (tBTC 9.0@44%, rETH 8.4@35%, weETH 7.0@13%, LINK 8.0*@3%, XAUt 7.3@2%, AAVE 8.0*@1%, BTC.b 6.6@0%, LBTC 7.5*@0%, wstETH 8.0@0%)",https://defillama.com/yields/pool/fdf02dc0-c38d-4850-8d61-74668d281325,
ETH,Morpho Blue,Base,Lending,CBETH,Med-Low,DefiLlama,CBETH,37203160,2.29081,2.29081,2.29081,0,,2.29081,score 6.3; CBETH 8.3*; credora vault A (psl 0.18%); worst leg: CBETH; -2 self-reported,https://defillama.com/yields/pool/317747cc-b7b2-4acd-9047-73569916befe,SELF-REPORTED(flat 30d history)
ETH,Morpho Blue,Base,Lending,CBETH,Med-Low,DefiLlama,CBETH,9958191,2.29081,2.29081,2.29081,0,,2.29081,score 6.3; CBETH 8.3*; -2 self-reported,https://defillama.com/yields/pool/e040bdef-6e6e-4627-bc88-75a0b26605b0,SELF-REPORTED(flat 30d history)
ETH,Morpho Blue,Base,Lending,CBETH,Med-Low,DefiLlama,CBETH,4030323,2.29081,2.29081,2.29081,0,,2.29081,score 6.3; CBETH 8.3*; -2 self-reported,https://defillama.com/yields/pool/b8f4482a-30e5-4e3b-95c7-ccaa86aeeaef,SELF-REPORTED(flat 30d history)
ETH,Morpho Blue,Base,Lending,CBETH,Med-Low,DefiLlama,CBETH,1499468,2.29081,2.29081,2.29081,0,,2.29081,score 6.3; CBETH 8.3*; -2 self-reported,https://defillama.com/yields/pool/61faa6f7-db51-4205-b090-7d8bfacbad72,SELF-REPORTED(flat 30d history)
ETH,Compound V3,Base,Lending,USDC-pool,Med-Low,DefiLlama,CBETH,1359049,2.29081,2.29081,2.29081,,,2.29081,score 6.3; CBETH 8.3*; -2 self-reported,https://defillama.com/yields/pool/7bae3517-56f1-4c65-8480-904030d70343,SELF-REPORTED(flat 30d history)
ETH,Morpho Blue,Base,Lending,CBETH,Med-High,DefiLlama,CBETH,593744,2.29081,2.29081,2.29081,0,,2.29081,score 5.3; CBETH 8.3*; -2 self-reported; -1 tvl<1M,https://defillama.com/yields/pool/073b204c-f9a8-41a8-b878-058a30d020df,SELF-REPORTED(flat 30d history)
ETH,Compound V3,Base,Lending,WETH-pool,Med-High,DefiLlama,CBETH,496054,2.29081,2.29081,2.29081,,,2.29081,score 5.3; CBETH 8.3*; -2 self-reported; -1 tvl<1M,https://defillama.com/yields/pool/c372279e-92ff-4acc-ad90-14a4d3a888e4,SELF-REPORTED(flat 30d history)
ETH,Morpho Blue,Base,Lending,CBETH,Med-High,DefiLlama,CBETH,431651,2.29081,2.29081,2.29081,0,,2.29081,score 5.3; CBETH 8.3*; -2 self-reported; -1 tvl<1M,https://defillama.com/yields/pool/b8dcf4a9-78ad-405a-affa-5a1d8e0bf11a,SELF-REPORTED(flat 30d history)
ETH,Euler V2,Unichain,Lending,EVK Vault eweETH-1,Med-Low,DefiLlama,weETH,916724,2.27987,2.27987,2.27985,0.00032,,2.27955,score 6.0; WEETH 7.0 (tid 7.0); -1 tvl<1M,https://defillama.com/yields/pool/b7b07b96-7e37-457a-a092-4144a0162f47,
ETH,Aave V3,Base,Lending,Aave Base weETH,Med-High,DefiLlama,weETH,45890837,2.27964,2.27964,2.27964,9e-05,,2.27955,"score 5.0; WEETH 7.0 (tid 7.0); pool collateral leg 8.9 (WETH 9.0*@29%, cbBTC 9.5@28%, USDC 8.5@21%, cbETH 8.3*@17%, wstETH 8.0@3%); -2 self-reported",https://defillama.com/yields/pool/f0131970-afac-4835-b22c-520f192e01d5,SELF-REPORTED(flat 30d history)
ETH,Euler V2,Base,Lending,EVK Vault eweETH-1,Med-Low,DefiLlama,WEETH,314074,2.2796,2.2796,2.27958,5e-05,,2.27955,score 6.0; WEETH 7.0 (tid 7.0); -1 tvl<1M,https://defillama.com/yields/pool/7bade541-1b21-4b13-8981-bbe4db2d1ff1,
ETH,Aave V3,Arbitrum,Lending,Aave Arbitrum weETH,Med-High,DefiLlama,weETH,113447602,2.27958,2.27958,2.27958,3e-05,,2.27955,"score 5.0; WEETH 7.0 (tid 7.0); pool collateral leg 8.9 (WETH 9.0*@33%, WBTC 9.5@31%, USDC 8.5@22%, wstETH 8.0@8%, USD₮0 7.1@6%); -2 self-reported",https://defillama.com/yields/pool/3df9ffeb-8c72-438c-a9ae-026488d8f2b2,SELF-REPORTED(flat 30d history)
ETH,Aave V3,Ethereum,Lending,Aave Ethereum weETH,Med-High,DefiLlama,weETH,4128501788,2.27957,2.27957,2.27957,2e-05,,2.27955,"score 5.0; WEETH 7.0 (tid 7.0); pool collateral leg 8.6 (tBTC 9.0@48%, rETH 8.4@37%, cbETH 8.3*@6%, LINK 8.0*@3%, XAUt 7.3@2%, AAVE 8.0*@1%, BTC.b 6.6@0%, LBTC 7.5*@0%, wstETH 8.0@0%); -2 self-reported",https://defillama.com/yields/pool/db678df9-3281-4bc2-a8bb-01160ffd6d48,SELF-REPORTED(flat 30d history)
ETH,ether.fi Stake,Ethereum,Lending,WEETH,Med-Low,DefiLlama,WEETH,6008785168,2.27955,2.30701,2.32265,2.27955,0,,score 7.0; WEETH 7.0 (tid 7.0),https://defillama.com/yields/pool/46bd2bdf-6d92-4066-b482-e885ee172264,
ETH,ether.fi Stake,Linea,Lending,WEETH,Med-Low,DefiLlama,WEETH,202341998,2.27955,2.30701,2.32265,2.27955,0,,score 7.0; WEETH 7.0 (tid 7.0),https://defillama.com/yields/pool/d13ce20b-9c18-466e-be47-31ae642b0754,
ETH,Morpho Blue,Ethereum,Lending,WEETH,Med-High,DefiLlama,WEETH,152339193,2.27955,2.27955,2.27955,0,,2.27955,score 5.0; WEETH 7.0 (tid 7.0); -2 self-reported,https://defillama.com/yields/pool/2ee0b92f-49ed-4cc1-83b6-3c63357f50d6,SELF-REPORTED(flat 30d history)
ETH,Aave V4,Ethereum,Lending,Core,Med-High,DefiLlama,weETH,150858023,2.27955,2.27955,2.27955,0,,2.27955,"score 5.0; WEETH 7.0 (tid 7.0); pool collateral leg 8.6 (tBTC 9.0@48%, rETH 8.4@37%, cbETH 8.3*@6%, LINK 8.0*@3%, XAUt 7.3@2%, AAVE 8.0*@1%, BTC.b 6.6@0%, LBTC 7.5*@0%, wstETH 8.0@0%); -2 self-reported",https://defillama.com/yields/pool/7c2da90f-1723-4538-a634-d3d5556c6261,SELF-REPORTED(flat 30d history)
ETH,SparkLend,Ethereum,Lending,Spark weETH,Med-High,DefiLlama,weETH,114731188,2.27955,2.27955,2.27955,0,,2.27955,score 5.0; WEETH 7.0 (tid 7.0); -2 self-reported,https://defillama.com/yields/pool/9da8a761-eb0f-4d41-ad05-0ebb2ed82913,SELF-REPORTED(flat 30d history)
ETH,Morpho Blue,Ethereum,Lending,WEETH,Med-High,DefiLlama,WEETH,62073101,2.27955,2.27955,2.27955,0,,2.27955,score 5.0; WEETH 7.0 (tid 7.0); -2 self-reported,https://defillama.com/yields/pool/be65ac8e-2b80-4582-a9d9-f8ff8ff73cb7,SELF-REPORTED(flat 30d history)
ETH,ether.fi Stake,Base,Lending,WEETH,Med-Low,DefiLlama,WEETH,57191429,2.27955,2.30701,2.32265,2.27955,0,,score 7.0; WEETH 7.0 (tid 7.0),https://defillama.com/yields/pool/333f3e8b-6fe3-4ba0-9657-265ae94b7496,
ETH,Morpho Blue,Ethereum,Lending,WEETH,Med-High,DefiLlama,WEETH,49583226,2.27955,2.27955,2.27955,0,,2.27955,score 5.0; WEETH 7.0 (tid 7.0); -2 self-reported,https://defillama.com/yields/pool/0b70c11c-75b6-4faa-a3af-0c17f4b3b38f,SELF-REPORTED(flat 30d history)
ETH,Dolomite,Ethereum,Lending,weETH,Med-High,DefiLlama,weETH,22108643,2.27955,2.27955,2.27955,0,,2.27955,score 5.0; WEETH 7.0 (tid 7.0); -2 self-reported,https://defillama.com/yields/pool/a4a3f225-e908-4575-b567-9efbfb9d7596,SELF-REPORTED(flat 30d history)
ETH,Morpho Blue,Ethereum,Lending,WEETH,Med-High,DefiLlama,WEETH,15752617,2.27955,2.27955,2.27955,0,,2.27955,score 5.0; WEETH 7.0 (tid 7.0); -2 self-reported,https://defillama.com/yields/pool/31d8accf-ea88-4c74-ac05-99c835547654,SELF-REPORTED(flat 30d history)
ETH,Compound V3,Ethereum,Lending,ETH-pool,Med-High,DefiLlama,WEETH,14200867,2.27955,2.27955,2.27955,,,2.27955,score 5.0; WEETH 7.0 (tid 7.0); -2 self-reported,https://defillama.com/yields/pool/ebe53ee0-db95-478e-8476-b8aa420be700,SELF-REPORTED(flat 30d history)
ETH,Morpho Blue,Ethereum,Lending,WEETH,Med-High,DefiLlama,WEETH,7953193,2.27955,2.27955,2.27955,0,,2.27955,score 5.0; WEETH 7.0 (tid 7.0); -2 self-reported,https://defillama.com/yields/pool/a30003e4-84b0-57ec-9c8d-b5d1ef38d90a,SELF-REPORTED(flat 30d history)
ETH,Aave V3,Monad,Lending,Aave Monad weETH,Med-High,DefiLlama,weETH,6330171,2.27955,2.27955,2.27955,0,,2.27955,"score 5.0; WEETH 7.0 (tid 7.0); pool collateral leg 8.0 (USDC 8.5@68%, USDT0 7.1@20%, GHO 6.0@9%, WETH 9.0*@3%, cbBTC 9.5@0%); -2 self-reported",https://defillama.com/yields/pool/06278df9-008d-55aa-9b7f-d2bf72bb2da2,SELF-REPORTED(flat 30d history)
ETH,Fluid Lending,Ethereum,Lending,WEETH,Med-High,DefiLlama,WEETH,3733841,2.27955,2.27955,2.27955,0,,2.27955,score 5.0; WEETH 7.0 (tid 7.0); -2 self-reported,https://defillama.com/yields/pool/5554eb0a-d66e-4878-af40-9c53c3dbb4e0,SELF-REPORTED(flat 30d history)
ETH,Morpho Blue,Ethereum,Lending,WEETH,Med-High,DefiLlama,WEETH,3253309,2.27955,2.27955,2.27955,0,,2.27955,score 5.0; WEETH 7.0 (tid 7.0); -2 self-reported,https://defillama.com/yields/pool/4cbf319b-17cf-4e61-bad1-17030179f5ea,SELF-REPORTED(flat 30d history)
ETH,Aave V3,Linea,Lending,Aave Linea weETH,Med-High,DefiLlama,weETH,2884204,2.27955,2.27955,2.27955,0,,2.27955,score 5.0; WEETH 7.0 (tid 7.0); -2 self-reported,https://defillama.com/yields/pool/310f13c2-508a-4db1-bb6d-012b711d8887,SELF-REPORTED(flat 30d history)
ETH,Morpho Blue,Ethereum,Lending,WEETH,Med-High,DefiLlama,WEETH,2002034,2.27955,2.27955,2.27955,0,,2.27955,score 5.0; WEETH 7.0 (tid 7.0); -2 self-reported,https://defillama.com/yields/pool/ac9e09d3-34c6-4fa7-9d2f-4debe8277df1,SELF-REPORTED(flat 30d history)
ETH,Fluid Lending,Ethereum,Lending,WEETH,Med-High,DefiLlama,WEETH,1955176,2.27955,2.27955,2.27955,0,,2.27955,score 5.0; WEETH 7.0 (tid 7.0); -2 self-reported,https://defillama.com/yields/pool/2c954568-517d-46a1-90f7-dd0dcfce0368,SELF-REPORTED(flat 30d history)
ETH,Fluid Lending,Ethereum,Lending,WEETH,Med-High,DefiLlama,WEETH,1900518,2.27955,2.27955,2.27955,0,,2.27955,score 5.0; WEETH 7.0 (tid 7.0); -2 self-reported,https://defillama.com/yields/pool/ed708dec-fb0b-4501-a831-841e3c0af49a,SELF-REPORTED(flat 30d history)
ETH,Morpho Blue,Base,Lending,WEETH,Med-High,DefiLlama,WEETH,1655505,2.27955,2.27955,2.27955,0,,2.27955,score 5.0; WEETH 7.0 (tid 7.0); -2 self-reported,https://defillama.com/yields/pool/76b7445f-8416-49d9-a2a0-4899026e8272,SELF-REPORTED(flat 30d history)
ETH,Compound V3,Arbitrum,Lending,WETH-pool,Med-High,DefiLlama,WEETH,1649139,2.27955,2.27955,2.27955,,,2.27955,score 5.0; WEETH 7.0 (tid 7.0); -2 self-reported,https://defillama.com/yields/pool/6e642655-9c87-4d5b-8237-f45cfd42a920,SELF-REPORTED(flat 30d history)
ETH,Euler V2,Ethereum,Lending,EVK Vault eweETH-6,Med-High,DefiLlama,WEETH,1230387,2.27955,2.27955,2.27955,0,,2.27955,score 5.0; WEETH 7.0 (tid 7.0); -2 self-reported,https://defillama.com/yields/pool/c92d7ebf-ecb8-4ca1-a09c-9f8516dfcb61,SELF-REPORTED(flat 30d history)
ETH,Morpho Blue,Katana,Lending,WEETH,Med-Low,DefiLlama,WEETH,1226991,2.27955,2.27955,2.80486,0,,2.27955,score 7.0; WEETH 7.0 (tid 7.0),https://defillama.com/yields/pool/91d1e87a-4914-49de-bcca-f5a86ed1d6c1,
ETH,Compound V3,Base,Lending,WETH-pool,Med-High,DefiLlama,WEETH,1199249,2.27955,2.27955,2.27955,,,2.27955,score 5.0; WEETH 7.0 (tid 7.0); -2 self-reported,https://defillama.com/yields/pool/e13cb9ca-d4dd-4c30-a367-8e9b3460e445,SELF-REPORTED(flat 30d history)
ETH,Fluid Lending,Ethereum,Lending,WEETH,Med-High,DefiLlama,WEETH,1098852,2.27955,2.27955,2.27955,0,,2.27955,score 5.0; WEETH 7.0 (tid 7.0); -2 self-reported,https://defillama.com/yields/pool/3db73fb9-289b-476d-89eb-1f34df2777d0,SELF-REPORTED(flat 30d history)
ETH,Morpho Blue,Ethereum,Lending,WEETH,Med-High,DefiLlama,WEETH,933804,2.27955,2.27955,2.27955,0,,2.27955,score 4.0; WEETH 7.0 (tid 7.0); -2 self-reported; -1 tvl<1M,https://defillama.com/yields/pool/d20e241b-b9b7-4a5e-919c-356a8c987ceb,SELF-REPORTED(flat 30d history)
ETH,Compound V3,OP Mainnet,Lending,WETH-pool,Med-High,DefiLlama,WEETH,876196,2.27955,2.27955,2.27955,,,2.27955,score 4.0; WEETH 7.0 (tid 7.0); -2 self-reported; -1 tvl<1M,https://defillama.com/yields/pool/703d593d-57b4-4efd-a32a-973bec2a2e67,SELF-REPORTED(flat 30d history)
ETH,Morpho Blue,Base,Lending,WEETH,Med-High,DefiLlama,WEETH,629171,2.27955,2.27955,2.27955,0,,2.27955,score 4.0; WEETH 7.0 (tid 7.0); -2 self-reported; -1 tvl<1M,https://defillama.com/yields/pool/66ac59bc-b685-4870-aa3d-bbb2183844a9,SELF-REPORTED(flat 30d history)
ETH,Fluid Lending,Base,Lending,WEETH,Med-High,DefiLlama,WEETH,602791,2.27955,2.27955,2.27955,0,,2.27955,score 4.0; WEETH 7.0 (tid 7.0); -2 self-reported; -1 tvl<1M,https://defillama.com/yields/pool/593e0545-1aca-4802-af33-9b5392aca8c1,SELF-REPORTED(flat 30d history)
ETH,Fluid Lending,Ethereum,Lending,WEETH,Med-High,DefiLlama,WEETH,498427,2.27955,2.27955,2.27955,0,,2.27955,score 4.0; WEETH 7.0 (tid 7.0); -2 self-reported; -1 tvl<1M,https://defillama.com/yields/pool/07ff0b09-7ad3-4016-ab98-38f879a30b99,SELF-REPORTED(flat 30d history)
ETH,ether.fi Stake,Scroll,Lending,WEETH,Med-Low,DefiLlama,WEETH,479071,2.27955,2.31512,2.32454,2.27955,0,,score 6.0; WEETH 7.0 (tid 7.0); -1 tvl<1M,https://defillama.com/yields/pool/6cec9ad9-01c5-44dd-a081-1ab4e417590c,
ETH,Compound V3,Ethereum,Lending,USDC-pool,Med-High,DefiLlama,WEETH,371395,2.27955,2.27955,2.27955,,,2.27955,score 4.0; WEETH 7.0 (tid 7.0); -2 self-reported; -1 tvl<1M,https://defillama.com/yields/pool/25a745d7-749f-4a70-9b94-543351cce638,SELF-REPORTED(flat 30d history)
ETH,Fluid Lending,Plasma,Lending,WEETH,Med-High,DefiLlama,WEETH,287373,2.27955,2.27955,2.27955,0,,2.27955,score 4.0; WEETH 7.0 (tid 7.0); -2 self-reported; -1 tvl<1M,https://defillama.com/yields/pool/bbe06342-53d9-450b-9564-1ba3e799e9bb,SELF-REPORTED(flat 30d history)
ETH,Fluid Lending,Arbitrum,Lending,WEETH,Med-High,DefiLlama,WEETH,276789,2.27955,2.27955,2.27955,0,,2.27955,score 4.0; WEETH 7.0 (tid 7.0); -2 self-reported; -1 tvl<1M,https://defillama.com/yields/pool/99b5eb89-f35d-497a-8a58-702212b6d559,SELF-REPORTED(flat 30d history)
ETH,Fluid Lending,Arbitrum,Lending,WEETH,Med-High,DefiLlama,WEETH,255152,2.27955,2.27955,2.27955,0,,2.27955,score 4.0; WEETH 7.0 (tid 7.0); -2 self-reported; -1 tvl<1M,https://defillama.com/yields/pool/45f56d3f-bc31-4c6f-a0bc-3a4898d6e03d,SELF-REPORTED(flat 30d history)
ETH,Fluid Lending,Plasma,Lending,WEETH,Med-High,DefiLlama,WEETH,216692,2.27955,2.27955,2.27955,0,,2.27955,score 4.0; WEETH 7.0 (tid 7.0); -2 self-reported; -1 tvl<1M,https://defillama.com/yields/pool/76d598a3-fc39-4c02-afb6-84a24bf115b5,SELF-REPORTED(flat 30d history)
ETH,Fluid Lending,Arbitrum,Lending,WEETH,Med-High,DefiLlama,WEETH,209476,2.27955,2.27955,2.27955,0,,2.27955,score 4.0; WEETH 7.0 (tid 7.0); -2 self-reported; -1 tvl<1M,https://defillama.com/yields/pool/36165df5-9bee-45e1-8051-e60982f412dd,SELF-REPORTED(flat 30d history)
ETH,Fluid Lending,Base,Lending,WSTETH,High,DefiLlama,WSTETH,4304232,2.276,2.27029,2.28533,0.06,,2.216,score 2.0; WSTETH 8.0 (tid 8.0); collateral leg 3.0 (weETH-ETH unrated@100%); collateral leg governs; -1 util 94%,https://defillama.com/yields/pool/0b025dd3-dd86-4389-8967-17d4cc1485f9,
ETH,Fluid Lending,Base,Lending,WSTETH,High,DefiLlama,WSTETH,4215936,2.276,2.27029,2.28533,0.06,,2.216,score 2.0; WSTETH 8.0 (tid 8.0); collateral leg 3.0 (weETH-ETH unrated@100%); collateral leg governs; -1 util 94%,https://defillama.com/yields/pool/36b175f1-bb53-4b27-b381-009a57657445,
ETH,Fluid Lending,Ethereum,Lending,WSTETH,High,DefiLlama,WSTETH,184390440,2.256,2.25457,2.24967,0.04,,2.216,score 2.0; WSTETH 8.0 (tid 8.0); collateral leg 3.0 (ETH-osETH unrated@100%); collateral leg governs; -1 util 93%,https://defillama.com/yields/pool/69b12bf9-edb6-46d9-b5bc-761cf9efe137,
ETH,Fluid Lending,Ethereum,Lending,WSTETH,High,DefiLlama,WSTETH,8432751,2.256,2.25457,2.24967,0.04,,2.216,score 2.0; WSTETH 8.0 (tid 8.0); collateral leg 3.0 (ETH-osETH unrated@100%); collateral leg governs; -1 util 93%,https://defillama.com/yields/pool/e278d5a4-b0b5-43d5-8064-c65a3f386b8a,
ETH,Fluid Lending,Ethereum,Lending,WSTETH,High,DefiLlama,WSTETH,4588812,2.256,2.25457,2.24967,0.04,,2.216,score 2.0; WSTETH 8.0 (tid 8.0); collateral leg 3.0 (ETH-osETH unrated@100%); collateral leg governs; -1 util 93%,https://defillama.com/yields/pool/c2881fc1-3a80-4fd5-9281-25898924b372,
ETH,Fluid Lending,Ethereum,Lending,WSTETH,High,DefiLlama,WSTETH,2526405,2.256,2.25457,2.24967,0.04,,2.216,score 2.0; WSTETH 8.0 (tid 8.0); collateral leg 3.0 (ETH-osETH unrated@100%); collateral leg governs; -1 util 93%,https://defillama.com/yields/pool/1114f0c0-a493-4fed-97bb-922a7138a75a,
ETH,Fluid Lending,Ethereum,Lending,WSTETH,High,DefiLlama,WSTETH,332960,2.256,2.25457,2.24967,0.04,,2.216,score 1.0; WSTETH 8.0 (tid 8.0); collateral leg 3.0 (ETH-osETH unrated@100%); collateral leg governs; -1 tvl<1M; -1 util 93%,https://defillama.com/yields/pool/7289af72-25cf-4fa9-a2e5-3e79f315118d,
ETH,Aave V3,Ethereum,Lending,Prime Instance,Low,DefiLlama,WSTETH,141301365,2.25081,2.24966,2.25058,0.03481,,2.216,"score 8.0; WSTETH 8.0 (tid 8.0); pool collateral leg 8.4 (tBTC 9.0@42%, rETH 8.4@33%, weETH 7.0@12%, cbETH 8.3*@5%, LINK 8.0*@3%, XAUt 7.3@2%, AAVE 8.0*@1%, BTC.b 6.6@0%, LBTC 7.5*@0%)",https://defillama.com/yields/pool/d541708e-1283-4feb-bc7a-457fc5f8db2c,
ETH,Lagoon,Ethereum,Lending,DAMMETH,Med-High,DefiLlama,DAMMETH,4159058,2.23824,2.23824,2.94511,2.23824,,,unrated: internal signals only,https://defillama.com/yields/pool/a853c219-b219-466a-9874-96cd77206d0f,
ETH,Euler V2,Ethereum,Lending,EVK Vault ewstETH-2,Med-Low,DefiLlama,WSTETH,2984574,2.23389,2.23385,2.2335,0.01789,,2.216,score 7.9; WSTETH 8.0 (tid 8.0); capped 7.9: not VERIFIED,https://defillama.com/yields/pool/f51d845a-6979-4ccb-b73f-4738a753dd85,
ETH,Moonwell Lending,OP Mainnet,Lending,WSTETH,Med-Low,DefiLlama,WSTETH,242281,2.22048,2.21844,2.22057,0.00448,0,2.216,score 7.0; WSTETH 8.0 (tid 8.0); -1 tvl<1M,https://defillama.com/yields/pool/9cbef607-58b0-40d9-a2bf-e7ba335c1bfd,
ETH,Aave V3,OP Mainnet,Lending,Aave Optimism wstETH,Med-Low,DefiLlama,wstETH,28465340,2.21762,2.21762,2.21767,0.00162,,2.216,score 7.9; WSTETH 8.0 (tid 8.0); capped 7.9: not VERIFIED,https://defillama.com/yields/pool/03a0cf78-c2f0-4ce5-85a8-2d5b77349276,
ETH,Fusion by IPOR,Ethereum,Lending,TAU infiniFi ETH Carry,Med-High,DefiLlama,WSTETH,222913,2.21706,2.21716,2.21713,0.00106,0,2.216,"score 4.5; WSTETH 8.0 (tid 8.0); allocation leg 8.0 (wstETH 8.0@100%, wstETH 8.0@0%); -2 red flags; -1 tvl<1M; -0.5 concentrated book 100%",https://defillama.com/yields/pool/70dcb593-7dda-4e59-bbea-2b85e336ee72,MISMATCH(source 0.00)
ETH,Aave V3,Base,Lending,Aave Base wstETH,Low,DefiLlama,wstETH,27740143,2.21694,2.21679,2.21662,0.00094,,2.216,"score 8.0; WSTETH 8.0 (tid 8.0); pool collateral leg 8.8 (WETH 9.0*@29%, cbBTC 9.5@28%, USDC 8.5@21%, cbETH 8.3*@17%, weETH 7.0@5%)",https://defillama.com/yields/pool/361f0a3c-6adb-4b1c-bf35-f9cd79f2341c,
ETH,Aave V3,Linea,Lending,Aave Linea wstETH,Med-High,DefiLlama,wstETH,809294,2.21692,2.21692,2.21692,0.00092,,2.216,score 5.0; WSTETH 8.0 (tid 8.0); -2 self-reported; -1 tvl<1M,https://defillama.com/yields/pool/1bd96dcd-9987-43b2-88c3-fb795f87615d,SELF-REPORTED(flat 30d history)
ETH,Aave V3,Ethereum,Lending,WSTETH,Low,DefiLlama,WSTETH,2597770796,2.21647,2.21647,2.21625,0.00047,,2.216,"score 8.0; WSTETH 8.0 (tid 8.0); pool collateral leg 8.4 (tBTC 9.0@42%, rETH 8.4@33%, weETH 7.0@12%, cbETH 8.3*@5%, LINK 8.0*@3%, XAUt 7.3@2%, AAVE 8.0*@1%, BTC.b 6.6@0%, LBTC 7.5*@0%)",https://defillama.com/yields/pool/e6435aae-cbe9-4d26-ab2c-a4d533db9972,
ETH,Aave V3,Polygon,Lending,Aave Polygon wstETH,Med-Low,DefiLlama,wstETH,13112296,2.21638,2.21639,2.21647,0.00038,,2.216,score 7.9; WSTETH 8.0 (tid 8.0); capped 7.9: not VERIFIED,https://defillama.com/yields/pool/dbddf880-255a-4754-83ca-4580fea4ad7b,
ETH,Aave V3,Arbitrum,Lending,Aave Arbitrum wstETH,Med-Low,DefiLlama,wstETH,61806920,2.21602,2.21602,2.21602,2e-05,,2.216,"score 6.0; WSTETH 8.0 (tid 8.0); pool collateral leg 8.7 (WETH 9.0*@32%, WBTC 9.5@29%, USDC 8.5@21%, weETH 7.0@13%, USD₮0 7.1@5%); -2 self-reported",https://defillama.com/yields/pool/e62bcb01-ed4c-4ec9-8cfa-e86e7ccf7688,SELF-REPORTED(flat 30d history)
ETH,SparkLend,Ethereum,Lending,Spark wstETH,Med-Low,DefiLlama,wstETH,3737101425,2.216,2.216,2.216,0,,2.216,score 6.0; WSTETH 8.0 (tid 8.0); -2 self-reported,https://defillama.com/yields/pool/3b45941c-16cb-48c5-a490-16c6c4f1d86a,SELF-REPORTED(flat 30d history)
ETH,Morpho Blue,Ethereum,Lending,WSTETH,Med-Low,DefiLlama,WSTETH,421502918,2.216,2.216,2.216,0,,2.216,score 6.0; WSTETH 8.0 (tid 8.0); -2 self-reported,https://defillama.com/yields/pool/4ce0c458-2171-463b-92ce-458afe367a4e,SELF-REPORTED(flat 30d history)
ETH,Compound V3,Ethereum,Lending,USDC-pool,Med-Low,DefiLlama,WSTETH,175616761,2.216,2.216,2.216,,,2.216,score 6.0; WSTETH 8.0 (tid 8.0); -2 self-reported,https://defillama.com/yields/pool/c47eea82-1e3d-4b66-8777-278b8db1dd77,SELF-REPORTED(flat 30d history)
ETH,Compound V3,Ethereum,Lending,ETH-pool,Med-Low,DefiLlama,WSTETH,94912199,2.216,2.216,2.216,,,2.216,score 6.0; WSTETH 8.0 (tid 8.0); -2 self-reported,https://defillama.com/yields/pool/ca969cae-bbcb-4cd7-985e-be4df9815e15,SELF-REPORTED(flat 30d history)
ETH,Morpho Blue,Ethereum,Lending,WSTETH,Med-Low,DefiLlama,WSTETH,82790164,2.216,2.216,2.216,0,,2.216,score 6.0; WSTETH 8.0 (tid 8.0); -2 self-reported,https://defillama.com/yields/pool/462c6f50-ceab-4235-aa0e-21ee1e345908,SELF-REPORTED(flat 30d history)
ETH,Morpho Blue,Ethereum,Lending,WSTETH,Med-Low,DefiLlama,WSTETH,80850051,2.216,2.216,2.216,0,,2.216,score 6.0; WSTETH 8.0 (tid 8.0); -2 self-reported,https://defillama.com/yields/pool/7d114ce1-2af1-42c3-a719-406fbbc3ed92,SELF-REPORTED(flat 30d history)
ETH,Sky Lending,Ethereum,Lending,WSTETH-A,Med-Low,DefiLlama,WSTETH,60627701,2.216,2.216,2.216,,,2.216,score 6.0; WSTETH 8.0 (tid 8.0); -2 self-reported,https://defillama.com/yields/pool/51eb4b5c-6d62-42fe-99d6-92ba6eecd2d5,SELF-REPORTED(flat 30d history)
ETH,Liquity V2,Ethereum,Lending,WSTETH,Med-Low,DefiLlama,WSTETH,60462564,2.216,2.216,2.216,,,2.216,score 6.0; WSTETH 8.0 (tid 8.0); -2 self-reported,https://defillama.com/yields/pool/c19dd7b2-fab0-4137-a2d5-1031b03695d0,SELF-REPORTED(flat 30d history)
ETH,Compound V3,Ethereum,Lending,USDT-pool,Med-Low,DefiLlama,WSTETH,48578371,2.216,2.216,2.216,,,2.216,score 6.0; WSTETH 8.0 (tid 8.0); -2 self-reported,https://defillama.com/yields/pool/007d03bd-4987-4b3b-b7d2-2f3af42fa4b4,SELF-REPORTED(flat 30d history)
ETH,Morpho Blue,Monad,Lending,WSTETH,Med-Low,DefiLlama,WSTETH,39417066,2.216,2.216,2.216,0,,2.216,score 6.0; WSTETH 8.0 (tid 8.0); -2 self-reported,https://defillama.com/yields/pool/e875c975-b9f7-4987-9b4b-a27f3633115f,SELF-REPORTED(flat 30d history)
ETH,Aave V3,Gnosis,Lending,Aave Gnosis wstETH,Med-Low,DefiLlama,wstETH,39310230,2.216,2.216,2.216,0,,2.216,score 6.0; WSTETH 8.0 (tid 8.0); -2 self-reported,https://defillama.com/yields/pool/79af7462-170a-4e77-886d-898dc2145c78,SELF-REPORTED(flat 30d history)
ETH,Sky Lending,Ethereum,Lending,WSTETH-B,Med-Low,DefiLlama,WSTETH,38100552,2.216,2.216,2.216,,,2.216,score 6.0; WSTETH 8.0 (tid 8.0); -2 self-reported,https://defillama.com/yields/pool/ccc467d1-bdf5-4062-81cd-7aed7dd9050b,SELF-REPORTED(flat 30d history)
ETH,Aave V4,Ethereum,Lending,Core,Med-Low,DefiLlama,WSTETH,36537599,2.216,2.216,2.216,0,,2.216,"score 6.0; WSTETH 8.0 (tid 8.0); pool collateral leg 8.4 (tBTC 9.0@42%, rETH 8.4@33%, weETH 7.0@12%, cbETH 8.3*@5%, LINK 8.0*@3%, XAUt 7.3@2%, AAVE 8.0*@1%, BTC.b 6.6@0%, LBTC 7.5*@0%); -2 self-reported",https://defillama.com/yields/pool/befcb753-f47d-4152-92a0-56b8f2f899b4,SELF-REPORTED(flat 30d history)
ETH,Morpho Blue,Ethereum,Lending,WSTETH,Med-Low,DefiLlama,WSTETH,31513249,2.216,2.216,2.216,0,,2.216,score 6.0; WSTETH 8.0 (tid 8.0); -2 self-reported,https://defillama.com/yields/pool/0d999bae-a3d5-4c08-93f6-98abb32ce290,SELF-REPORTED(flat 30d history)
ETH,Morpho Blue,Ethereum,Lending,WSTETH,Med-Low,DefiLlama,WSTETH,23858356,2.216,2.216,2.216,0,,2.216,score 6.0; WSTETH 8.0 (tid 8.0); -2 self-reported,https://defillama.com/yields/pool/58e1b97d-4391-4444-9160-7eef2e159013,SELF-REPORTED(flat 30d history)
ETH,Aave V4,Ethereum,Lending,Prime,Med-Low,DefiLlama,WSTETH,23445547,2.216,2.216,2.216,0,,2.216,"score 6.0; WSTETH 8.0 (tid 8.0); pool collateral leg 8.4 (tBTC 9.0@42%, rETH 8.4@33%, weETH 7.0@12%, cbETH 8.3*@5%, LINK 8.0*@3%, XAUt 7.3@2%, AAVE 8.0*@1%, BTC.b 6.6@0%, LBTC 7.5*@0%); -2 self-reported",https://defillama.com/yields/pool/abea0e5e-1df0-4730-964d-69a19b0be1ce,SELF-REPORTED(flat 30d history)
ETH,Morpho Blue,Ethereum,Lending,WSTETH,Med-Low,DefiLlama,WSTETH,17862446,2.216,2.216,2.216,0,,2.216,score 6.0; WSTETH 8.0 (tid 8.0); -2 self-reported,https://defillama.com/yields/pool/4e678acf-4fd2-4f2b-b2fb-13130f8c6f27,SELF-REPORTED(flat 30d history)
ETH,Fluid Lending,Arbitrum,Lending,WSTETH,Med-High,DefiLlama,WSTETH,12219443,2.216,2.216,2.216,0,,2.216,score 4.0; WSTETH 8.0 (tid 8.0); collateral leg 7.0 (weETH 7.0@100%); collateral leg governs; -2 self-reported; -1 util 92%,https://defillama.com/yields/pool/eec88a7a-789c-4953-b33c-56d5fb3db8cf,SELF-REPORTED(flat 30d history)
ETH,Compound V3,Arbitrum,Lending,USDC-pool,Med-Low,DefiLlama,WSTETH,8872350,2.216,2.216,2.216,,,2.216,score 6.0; WSTETH 8.0 (tid 8.0); -2 self-reported,https://defillama.com/yields/pool/05b39877-c068-450b-bd0c-cc6e47886aa7,SELF-REPORTED(flat 30d history)
ETH,Compound V3,Arbitrum,Lending,USDT-pool,Med-Low,DefiLlama,WSTETH,8310969,2.216,2.216,2.216,,,2.216,score 6.0; WSTETH 8.0 (tid 8.0); -2 self-reported,https://defillama.com/yields/pool/03f97f6b-3e17-4ccd-8687-0b3f736441b3,SELF-REPORTED(flat 30d history)
ETH,Morpho Blue,Base,Lending,WSTETH,Med-Low,DefiLlama,WSTETH,7988986,2.216,2.216,2.216,0,,2.216,score 6.0; WSTETH 8.0 (tid 8.0); -2 self-reported,https://defillama.com/yields/pool/afce8a53-cee4-4e62-b2b4-f80dcaaf87b5,SELF-REPORTED(flat 30d history)
ETH,Dolomite,Ethereum,Lending,wstETH,Med-Low,DefiLlama,wstETH,7435518,2.216,2.216,2.216,0,,2.216,score 6.0; WSTETH 8.0 (tid 8.0); -2 self-reported,https://defillama.com/yields/pool/07b253f0-924e-42e9-955e-fb15519e3d2f,SELF-REPORTED(flat 30d history)
ETH,Morpho Blue,Base,Lending,WSTETH,Med-Low,DefiLlama,WSTETH,5882945,2.216,2.216,2.216,0,,2.216,score 6.0; WSTETH 8.0 (tid 8.0); -2 self-reported,https://defillama.com/yields/pool/525c6864-6e24-4d23-aa44-62344acdf527,SELF-REPORTED(flat 30d history)
ETH,Morpho Blue,Ethereum,Lending,WSTETH,Med-Low,DefiLlama,WSTETH,5466461,2.216,2.216,2.216,0,,2.216,score 6.0; WSTETH 8.0 (tid 8.0); -2 self-reported,https://defillama.com/yields/pool/954cd4ab-4253-4d86-a968-2cb5017c497b,SELF-REPORTED(flat 30d history)
ETH,Morpho Blue,Ethereum,Lending,WSTETH,Med-Low,DefiLlama,WSTETH,5456852,2.216,2.216,2.216,0,,2.216,score 6.0; WSTETH 8.0 (tid 8.0); -2 self-reported,https://defillama.com/yields/pool/24b1da79-0456-433e-b683-6f66b55975d9,SELF-REPORTED(flat 30d history)
ETH,Morpho Blue,Ethereum,Lending,WSTETH,Med-Low,DefiLlama,WSTETH,3443273,2.216,2.216,2.216,0,,2.216,score 6.0; WSTETH 8.0 (tid 8.0); -2 self-reported,https://defillama.com/yields/pool/d5ee6990-f210-460f-9dad-26dabf4eb651,SELF-REPORTED(flat 30d history)
ETH,Morpho Blue,Base,Lending,WSTETH,Med-Low,DefiLlama,WSTETH,3325201,2.216,2.216,2.216,0,,2.216,score 6.0; WSTETH 8.0 (tid 8.0); -2 self-reported,https://defillama.com/yields/pool/f28eb055-b5a9-4832-8fa3-caf3acefceec,SELF-REPORTED(flat 30d history)
ETH,Morpho Blue,OP Mainnet,Lending,WSTETH,Med-Low,DefiLlama,WSTETH,2912223,2.216,2.216,2.216,0,,2.216,score 6.0; WSTETH 8.0 (tid 8.0); -2 self-reported,https://defillama.com/yields/pool/a47531cb-9d21-4bc2-94e8-d92791a7241f,SELF-REPORTED(flat 30d history)
ETH,Morpho Blue,Ethereum,Lending,WSTETH,Med-Low,DefiLlama,WSTETH,2483119,2.216,2.216,2.216,0,,2.216,score 6.0; WSTETH 8.0 (tid 8.0); -2 self-reported,https://defillama.com/yields/pool/6f87228c-3cb2-476f-a06b-10e115dcc8ac,SELF-REPORTED(flat 30d history)
ETH,Morpho Blue,Arbitrum,Lending,WSTETH,Med-Low,DefiLlama,WSTETH,2384697,2.216,2.216,2.216,0,,2.216,score 6.0; WSTETH 8.0 (tid 8.0); -2 self-reported,https://defillama.com/yields/pool/e8f3da05-4607-4911-8df1-e91f95b52637,SELF-REPORTED(flat 30d history)
ETH,Morpho Blue,Ethereum,Lending,WSTETH,Med-Low,DefiLlama,WSTETH,2001049,2.216,2.216,2.216,0,,2.216,score 6.0; WSTETH 8.0 (tid 8.0); -2 self-reported,https://defillama.com/yields/pool/48470f4d-1efc-4810-9ec7-0247d0b42a41,SELF-REPORTED(flat 30d history)
ETH,Morpho Blue,Ethereum,Lending,WSTETH,Med-Low,DefiLlama,WSTETH,1684443,2.216,2.216,2.216,0,,2.216,score 6.0; WSTETH 8.0 (tid 8.0); -2 self-reported,https://defillama.com/yields/pool/bfef0bc9-83cf-4630-950b-51d607b7365b,SELF-REPORTED(flat 30d history)
ETH,Compound V3,OP Mainnet,Lending,USDT-pool,Med-Low,DefiLlama,WSTETH,1473769,2.216,2.216,2.216,,,2.216,score 6.0; WSTETH 8.0 (tid 8.0); -2 self-reported,https://defillama.com/yields/pool/25d8f956-0219-4af0-a4b2-7cc9b017c076,SELF-REPORTED(flat 30d history)
ETH,Fluid Lending,Arbitrum,Lending,WSTETH,Med-High,DefiLlama,WSTETH,1456723,2.216,2.216,2.216,0,,2.216,score 4.0; WSTETH 8.0 (tid 8.0); collateral leg 7.0 (weETH 7.0@100%); collateral leg governs; -2 self-reported; -1 util 92%,https://defillama.com/yields/pool/f7f5606d-523f-4b37-951c-798840bff64f,SELF-REPORTED(flat 30d history)
ETH,Fluid Lending,Arbitrum,Lending,WSTETH,Med-High,DefiLlama,WSTETH,1261641,2.216,2.216,2.216,0,,2.216,score 4.0; WSTETH 8.0 (tid 8.0); collateral leg 7.0 (weETH 7.0@100%); collateral leg governs; -2 self-reported; -1 util 92%,https://defillama.com/yields/pool/ee3be731-1b33-42b3-bf0b-6b7d1ee1ca0b,SELF-REPORTED(flat 30d history)
ETH,Fluid Lending,Arbitrum,Lending,WSTETH,Med-High,DefiLlama,WSTETH,1027259,2.216,2.216,2.216,0,,2.216,score 4.0; WSTETH 8.0 (tid 8.0); collateral leg 7.0 (weETH 7.0@100%); collateral leg governs; -2 self-reported; -1 util 92%,https://defillama.com/yields/pool/a76d04d8-402a-4fcd-b692-9208e91219c8,SELF-REPORTED(flat 30d history)
ETH,Compound V3,Base,Lending,USDC-pool,Med-High,DefiLlama,WSTETH,971784,2.216,2.216,2.216,,,2.216,score 5.0; WSTETH 8.0 (tid 8.0); -2 self-reported; -1 tvl<1M,https://defillama.com/yields/pool/7803ce5b-53b3-4192-b855-8cb383e19050,SELF-REPORTED(flat 30d history)
ETH,Curve LlamaLend,Ethereum,Lending,crvUSD borrow,Med-High,DefiLlama,WSTETH,817867,2.216,2.216,2.216,,,2.216,score 5.0; WSTETH 8.0 (tid 8.0); -2 self-reported; -1 tvl<1M,https://defillama.com/yields/pool/54e4520b-bdd2-4b0b-9932-671c1c698fb7,SELF-REPORTED(flat 30d history)
ETH,Compound V3,Base,Lending,WETH-pool,Med-High,DefiLlama,WSTETH,748126,2.216,2.216,2.216,,,2.216,score 5.0; WSTETH 8.0 (tid 8.0); -2 self-reported; -1 tvl<1M,https://defillama.com/yields/pool/71391dac-7bbc-478d-9d11-d4813bebd90d,SELF-REPORTED(flat 30d history)
ETH,Morpho Blue,Unichain,Lending,WSTETH,Med-High,DefiLlama,WSTETH,729396,2.216,2.216,2.216,0,,2.216,score 5.0; WSTETH 8.0 (tid 8.0); -2 self-reported; -1 tvl<1M,https://defillama.com/yields/pool/1645ce34-ad9a-483a-aa1d-4e5379df212f,SELF-REPORTED(flat 30d history)
ETH,Morpho Blue,Ethereum,Lending,WSTETH,Med-High,DefiLlama,WSTETH,700343,2.216,2.216,2.216,0,,2.216,score 5.0; WSTETH 8.0 (tid 8.0); -2 self-reported; -1 tvl<1M,https://defillama.com/yields/pool/d6b49578-c84e-49be-a920-9dab43c28180,SELF-REPORTED(flat 30d history)
ETH,Fluid Lending,Polygon,Lending,WSTETH,Med-High,DefiLlama,WSTETH,588992,2.216,2.216,2.216,0,,2.216,score 5.0; WSTETH 8.0 (tid 8.0); -2 self-reported; -1 tvl<1M,https://defillama.com/yields/pool/afb5e95b-59f8-4b20-84ab-0624ff7b6c71,SELF-REPORTED(flat 30d history)
ETH,Fluid Lending,Polygon,Lending,WSTETH,Med-High,DefiLlama,WSTETH,572277,2.216,2.216,2.216,0,,2.216,score 5.0; WSTETH 8.0 (tid 8.0); -2 self-reported; -1 tvl<1M,https://defillama.com/yields/pool/aaf3c8d0-ebe8-4f61-8d2d-76094e5ecac1,SELF-REPORTED(flat 30d history)
ETH,Morpho Blue,Base,Lending,WSTETH,Med-High,DefiLlama,WSTETH,543873,2.216,2.216,2.216,0,,2.216,score 5.0; WSTETH 8.0 (tid 8.0); -2 self-reported; -1 tvl<1M,https://defillama.com/yields/pool/046c6e4e-4c0c-4b42-9c9c-43364e470c03,SELF-REPORTED(flat 30d history)
ETH,Compound V3,OP Mainnet,Lending,USDC-pool,Med-High,DefiLlama,WSTETH,510115,2.216,2.216,2.216,,,2.216,score 5.0; WSTETH 8.0 (tid 8.0); -2 self-reported; -1 tvl<1M,https://defillama.com/yields/pool/d9a28405-6299-4af6-b37e-e9a9f09a1299,SELF-REPORTED(flat 30d history)
ETH,Aave V3,MegaETH,Lending,WSTETH,Med-High,DefiLlama,WSTETH,385460,2.216,2.216,2.216,0,,2.216,score 5.0; WSTETH 8.0 (tid 8.0); -2 self-reported; -1 tvl<1M,https://defillama.com/yields/pool/52612f7a-d8ec-43a0-a01a-2ba1ffc0ec9d,SELF-REPORTED(flat 30d history)
ETH,Morpho Blue,Ethereum,Lending,WSTETH,Med-High,DefiLlama,WSTETH,357367,2.216,2.216,2.216,0,,2.216,score 5.0; WSTETH 8.0 (tid 8.0); -2 self-reported; -1 tvl<1M,https://defillama.com/yields/pool/fe8773b9-b67f-4862-afd7-65d6e191a064,SELF-REPORTED(flat 30d history)
ETH,Fluid Lending,Arbitrum,Lending,WSTETH,High,DefiLlama,WSTETH,209585,2.216,2.216,2.216,0,,2.216,score 3.0; WSTETH 8.0 (tid 8.0); collateral leg 7.0 (weETH 7.0@100%); collateral leg governs; -2 self-reported; -1 tvl<1M; -1 util 92%,https://defillama.com/yields/pool/774d8f11-71ad-451b-8072-1708bb0cd253,SELF-REPORTED(flat 30d history)
ETH,Balancer V3,Ethereum,LP,SURGETETH-LIDOWSTETH,High,DefiLlama,SURGETETH-LIDOWSTETH,1743890,2.19659,2.31034,2.36116,2.19659,0,,unrated: internal signals only,https://defillama.com/yields/pool/7f0c68f7-5a74-44aa-bb5a-b9f9283459be,
ETH,YieldNest,Ethereum,Lending,YNETH,High,DefiLlama,YNETH,481330,2.1947,2.19299,2.17649,,,,unrated: internal signals only,https://defillama.com/yields/pool/44dd4153-aa9f-4616-9a88-e6803c86b995,
ETH,Aave V3,Ethereum,Lending,Aave Ethereum rETH,Med-Low,DefiLlama,rETH,111440742,2.17518,2.17518,2.17518,2e-05,,2.17516,"score 6.4; RETH 8.4 (credora 8.4); pool collateral leg 8.4 (tBTC 9.0@63%, weETH 7.0@18%, cbETH 8.3*@8%, LINK 8.0*@4%, XAUt 7.3@3%, AAVE 8.0*@2%, BTC.b 6.6@1%, LBTC 7.5*@0%, wstETH 8.0@0%); -2 self-reported",https://defillama.com/yields/pool/f1a22245-a1f1-4389-8ff2-dde4914b272d,SELF-REPORTED(flat 30d history)
ETH,Moonwell Lending,Base,Lending,Moonwell Rocket Ether,Med-Low,DefiLlama,rETH,1523516,2.17518,2.17518,2.17519,2e-05,0,2.17516,score 7.9; RETH 8.4 (credora 8.4); capped 7.9: not VERIFIED,https://defillama.com/yields/pool/896e6538-944f-46ec-99a4-1bb1211028b2,
ETH,Liquity V2,Ethereum,Lending,RETH,Med-Low,DefiLlama,RETH,17908713,2.17516,2.17516,2.17516,,,2.17516,score 6.4; RETH 8.4 (credora 8.4); -2 self-reported,https://defillama.com/yields/pool/5f79c82d-8722-4464-b91b-f07b96fec13c,SELF-REPORTED(flat 30d history)
ETH,Morpho Blue,Ethereum,Lending,RETH,Med-Low,DefiLlama,RETH,7608497,2.17516,2.17516,2.17516,0,,2.17516,score 6.4; RETH 8.4 (credora 8.4); -2 self-reported,https://defillama.com/yields/pool/a7262f82-b4fd-4e5d-adea-43fb1e5df68d,SELF-REPORTED(flat 30d history)
ETH,Morpho Blue,Ethereum,Lending,RETH,Med-Low,DefiLlama,RETH,2804455,2.17516,2.17516,2.17516,0,,2.17516,score 6.4; RETH 8.4 (credora 8.4); -2 self-reported,https://defillama.com/yields/pool/2f88293e-036f-4681-a1c0-de218d758832,SELF-REPORTED(flat 30d history)
ETH,Morpho Blue,Base,Lending,RETH,Med-High,DefiLlama,RETH,249499,2.17516,2.17516,2.17516,0,,2.17516,score 5.4; RETH 8.4 (credora 8.4); -2 self-reported; -1 tvl<1M,https://defillama.com/yields/pool/e78f8f2f-5dbd-4cd3-98ef-7864c237144f,SELF-REPORTED(flat 30d history)
ETH,Compound V3,OP Mainnet,Lending,WETH-pool,Med-High,DefiLlama,RETH,223898,2.17516,2.17516,2.17516,,,2.17516,score 5.4; RETH 8.4 (credora 8.4); -2 self-reported; -1 tvl<1M,https://defillama.com/yields/pool/f24f1b9f-9556-4f36-996f-e19cadf1f7a6,SELF-REPORTED(flat 30d history)
ETH,Yearn Finance,Ethereum,Lending,WETH-1 yVault,Low,DefiLlama,WETH,19919934,2.13415,2.15048,2.07182,2.13415,0,,"score 8.6; WETH 9.0*; strategy book leg 8.6 (stETH Accumulato~stETH 9.5†@42%, Yearn OG WETH[yearn og weth] 7.8†@25%, Spark WETH Lende~WETH 8.2†@17%, wstETH/WETH Spar~wstETH 8.0†@16%); strategy book leg governs",https://defillama.com/yields/pool/2b840e0a-2823-4972-9bfc-8b766c90374b,
ETH,Dolomite,Ethereum,Lending,mETH,Med-High,DefiLlama,mETH,4114215,2.1148,2.1148,2.1148,0,,2.1148,score 5.8; METH 7.8*; -2 self-reported,https://defillama.com/yields/pool/0ea9566b-d015-42f1-a03a-35d81d7e4a5a,SELF-REPORTED(flat 30d history)
ETH,Aave V3,Linea,Lending,Aave Linea ezETH,Med-High,DefiLlama,ezETH,1110136,2.03854,2.03854,2.03854,0,,2.03854,score 5.4; EZETH 7.4 (credora 7.4); -2 self-reported,https://defillama.com/yields/pool/3fdb0a90-f40e-438e-896a-c0b25ee8d1ed,SELF-REPORTED(flat 30d history)
ETH,Compound V3,OP Mainnet,Lending,WETH-pool,Med-High,DefiLlama,EZETH,433661,2.03854,2.03854,2.03854,,,2.03854,score 4.4; EZETH 7.4 (credora 7.4); -2 self-reported; -1 tvl<1M,https://defillama.com/yields/pool/5b6edf87-536d-4248-b492-57c8dc56f52a,SELF-REPORTED(flat 30d history)
ETH,Compound V3,Arbitrum,Lending,WETH-pool,Med-High,DefiLlama,EZETH,425899,2.03854,2.03854,2.03854,,,2.03854,score 4.4; EZETH 7.4 (credora 7.4); -2 self-reported; -1 tvl<1M,https://defillama.com/yields/pool/420ad40c-2aab-4996-bb65-643d1ead3bfc,SELF-REPORTED(flat 30d history)
ETH,Compound V3,Base,Lending,WETH-pool,Med-High,DefiLlama,EZETH,219857,2.03854,2.03854,2.03854,,,2.03854,score 4.4; EZETH 7.4 (credora 7.4); -2 self-reported; -1 tvl<1M,https://defillama.com/yields/pool/ccd0708c-5e07-477f-9dfa-59db70451b69,SELF-REPORTED(flat 30d history)
ETH,Fusion by IPOR,Base,Lending,Base ETH Lending Optimizer,Med-High,DefiLlama,WETH,10156001,2.01959,2.18312,3.67607,1.19391,0.82568,,"score 5.5; WETH 9.0*; allocation leg 6.0 (euler?0xdc4efb 6.0†@100%, WETH 9.0*@0%); allocation leg governs; -0.5 concentrated book 100%",https://defillama.com/yields/pool/a1dc9b8c-bf6b-4132-8578-a501c063a3c8,
ETH,Euler V2,Base,Lending,EVK Vault eWETH-36,Med-Low,DefiLlama,WETH,1180550,2.01869,2.17252,2.95462,1.19638,0.82231,,score 7.9; WETH 9.0*; capped 7.9: not VERIFIED,https://defillama.com/yields/pool/37ae63ba-576e-4ce4-a18d-fdab908c1456,
ETH,Convex Finance,Ethereum,LP,Curve.fi Factory Plain Pool: stETH/frxETH,High,DefiLlama,stETH-frxETH,19100406,2.01422,2.02981,1.95969,0.96,1.05422,,score 3.0; STETH 9.5 (credora 9.5); FRXETH unrated 3.0; worst leg: FRXETH,https://defillama.com/yields/pool/c9873dab-0979-478c-b48c-3c3a0c935449,
ETH,Morpho Blue,Ethereum,Lending,GTWETHB,Med-Low,DefiLlama,GTWETHB,1282288,2.00709,2.56719,1.97914,2.00709,0,,"score 7.5; allocation leg 8.0 (wstETH 8.0@100%, weETH 7.0@0%, wstETH 8.0@0%, cbBTC 9.5@0%, WBTC 9.5@0%, LBTC 7.5*@0%); -0.5 concentrated book 100%",https://defillama.com/yields/pool/5de8cd6e-9dc2-44b0-bcc4-1b7b794c8acf,
